x,y,z,u,v,w,uu,vv,ww
-4,0,1.5,1.0625894,-8.4425069e-05,0.0087251598,-3.8199618e-08,4.358272e-09,5.5020772e-08
-3.976,0,1.5,1.0624806,-8.5778585e-05,0.0088476074,-2.709602e-08,4.5060428e-09,5.6760004e-08
-3.952,0,1.5,1.06237,-8.7155357e-05,0.0089721816,2.0733544e-08,4.6589826e-09,5.854706e-08
-3.9279,2.22044604925031e-16,1.5,1.0622571,-8.8561785e-05,0.0090994542,1.5871161e-07,4.8179459e-09,6.0392061e-08
-3.9039,0,1.5,1.062143,-8.9986696e-05,0.0092283981,7.5454972e-08,4.9818062e-09,6.2288427e-08
-3.8799,0,1.5,1.062027,-9.1436354e-05,0.0093595852,-7.1308428e-08,5.1514164e-09,6.4238659e-08
-3.8559,2.22044604925031e-16,1.5,1.0619092,-9.2911278e-05,0.0094930662,-1.2033332e-07,5.3269853e-09,6.6220067e-08
-3.8318,0,1.5,1.0617888,-9.4418325e-05,0.0096294247,-1.5191278e-08,5.5094958e-09,6.8279424e-08
-3.8078,0,1.5,1.0616671,-9.5945523e-05,0.0097675909,4.6482226e-08,5.6976624e-09,7.0394556e-08
-3.7838,0,1.5,1.0615433,-9.7499634e-05,0.0099081692,7.9634428e-08,5.8924614e-09,7.2565763e-08
-3.7598,0,1.5,1.0614176,-9.9081259e-05,0.01005121,1.6904477e-08,6.094133e-09,7.4774695e-08
-3.7357,0,1.5,1.0612892,-0.0001006977,0.01019736,2.4535613e-08,6.3038244e-09,7.7059649e-08
-3.7117,0,1.5,1.0611593,-0.00010233615,0.010345462,-2.146445e-09,6.5200578e-09,7.9404745e-08
-3.6877,0,1.5,1.0610272,-0.00010400392,0.010496167,4.6993133e-08,6.7439573e-09,8.179875e-08
-3.6637,0,1.5,1.0608929,-0.00010570167,0.010649519,1.3919049e-07,6.9758031e-09,8.4245875e-08
-3.6396,0,1.5,1.0607558,-0.00010743732,0.010806235,1.2918422e-07,7.2169094e-09,8.6768701e-08
-3.6156,-2.22044604925031e-16,1.5,1.0606169,-0.00010919717,0.01096506,1.6800232e-07,7.4655829e-09,8.9354407e-08
-3.5916,0,1.5,1.0604758,-0.00011098904,0.011126703,1.8362305e-07,7.7231267e-09,9.198426e-08
-3.5676,0,1.5,1.0603322,-0.00011281371,0.011291232,1.0059411e-07,7.9898629e-09,9.4668028e-08
-3.5435,0,1.5,1.0601856,-0.00011467973,0.01145938,4.1150297e-08,8.2673116e-09,9.7439764e-08
-3.5195,0,1.5,1.060037,-0.00011657232,0.011629844,1.5118445e-07,8.5535447e-09,1.0024031e-07
-3.4955,0,1.5,1.0598859,-0.00011850008,0.011803361,-8.5451915e-09,8.850041e-09,1.0311707e-07
-3.4715,0,1.5,1.0597322,-0.00012046379,0.011980006,-1.0617277e-07,9.1571989e-09,1.0606198e-07
-3.4474,-2.22044604925031e-16,1.5,1.059575,-0.00012247271,0.012160609,5.4706074e-08,9.4767725e-09,1.0904952e-07
-3.4234,0,1.5,1.0594159,-0.00012451108,0.012343731,-7.0490097e-10,9.8065303e-09,1.1211294e-07
-3.3994,2.22044604925031e-16,1.5,1.0592538,-0.00012658808,0.012530208,9.7825813e-08,1.0148208e-08,1.1522108e-07
-3.3754,-2.22044604925031e-16,1.5,1.0590889,-0.00012870466,0.012720096,-2.6500056e-08,1.0502266e-08,1.1839754e-07
-3.3514,0,1.5,1.058921,-0.0001308618,0.012913491,1.0006082e-07,1.0869174e-08,1.2162539e-07
-3.3273,-4.44089209850063e-16,1.5,1.0587494,-0.00013306976,0.013111298,-1.733112e-08,1.1251043e-08,1.2491093e-07
-3.3033,0,1.5,1.0585754,-0.00013531124,0.013311971,-4.1131733e-08,1.1645226e-08,1.2823155e-07
-3.2793,0,1.5,1.0583981,-0.00013759648,0.01351641,1.7267229e-07,1.20538e-08,1.3161897e-07
-3.2553,-4.44089209850063e-16,1.5,1.0582177,-0.00013992658,0.013724716,-2.7612339e-09,1.2477328e-08,1.3505254e-07
-3.2312,2.22044604925031e-16,1.5,1.0580331,-0.00014231267,0.01393787,1.3639575e-07,1.291827e-08,1.385497e-07
-3.2072,2.22044604925031e-16,1.5,1.0578458,-0.00014473622,0.014154224,4.0939591e-08,1.3373562e-08,1.4207795e-07
-3.1832,0,1.5,1.057655,-0.00014720821,0.014374752,3.4761119e-08,1.3845653e-08,1.4564107e-07
-3.1592,2.22044604925031e-16,1.5,1.0574605,-0.00014972999,0.014599569,1.3130603e-07,1.4335194e-08,1.492642e-07
-3.1351,0,1.5,1.0572615,-0.00015231374,0.01482977,6.9497346e-08,1.4845029e-08,1.5294602e-07
-3.1111,2.22044604925031e-16,1.5,1.0570595,-0.00015493937,0.015063567,1.6622496e-07,1.5371669e-08,1.56606e-07
-3.0871,-2.22044604925031e-16,1.5,1.0568536,-0.00015761905,0.015302019,6.7897901e-08,1.5917914e-08,1.6035814e-07
-3.0631,0,1.5,1.0566437,-0.00016035415,0.015545283,-2.8765001e-08,1.6484594e-08,1.6409497e-07
-3.039,-4.44089209850063e-16,1.5,1.0564287,-0.00016315811,0.015794541,4.9391689e-08,1.7074985e-08,1.6788159e-07
-3.015,0,1.5,1.0562103,-0.00016600915,0.016047885,1.4497989e-07,1.76851e-08,1.7168586e-07
-2.991,0,1.5,1.0559878,-0.00016892058,0.016306476,1.3791079e-07,1.8318209e-08,1.7552466e-07
-2.967,-2.22044604925031e-16,1.5,1.0557607,-0.00017189408,0.016570506,1.3893337e-07,1.8975273e-08,1.7930734e-07
-2.9429,2.22044604925031e-16,1.5,1.055528,-0.00017494427,0.016841266,1.0675703e-07,1.9660175e-08,1.8321557e-07
-2.9189,-2.22044604925031e-16,1.5,1.0552916,-0.00017804774,0.017116699,1.4231168e-07,2.036826e-08,1.8705285e-07
-2.8949,0,1.5,1.0550504,-0.00018121901,0.017398108,6.7378868e-08,2.110339e-08,1.909096e-07
-2.8709,2.22044604925031e-16,1.5,1.0548043,-0.00018446001,0.017685694,1.7641561e-07,2.1866731e-08,1.9473372e-07
-2.8468,0,1.5,1.054552,-0.00018778691,0.017980902,2.0035849e-07,2.2662804e-08,1.9856112e-07
-2.8228,0,1.5,1.0542957,-0.00019117427,0.018281507,8.5602457e-08,2.3486275e-08,2.0242927e-07
-2.7988,0,1.5,1.054034,-0.00019463802,0.018588956,2.5898315e-07,2.4341687e-08,2.0619366e-07
-2.7748,0,1.5,1.0537669,-0.00019818058,0.018903488,6.4532191e-08,2.5230399e-08,2.0994858e-07
-2.7508,0,1.5,1.0534941,-0.0002018044,0.019225356,2.8678026e-07,2.615387e-08,2.1365555e-07
-2.7267,0,1.5,1.0532146,-0.00020552771,0.019556218,2.031819e-07,2.7117677e-08,2.1733206e-07
-2.7027,0,1.5,1.0529304,-0.00020932229,0.019893603,-7.7397933e-09,2.8115409e-08,2.2104822e-07
-2.6787,0,1.5,1.0526402,-0.00021320623,0.020239169,9.4094059e-08,2.9152668e-08,2.2462079e-07
-2.6547,0,1.5,1.0523439,-0.00021718244,0.020593222,2.1935407e-07,3.0231212e-08,2.2815973e-07
-2.6306,0,1.5,1.0520401,-0.00022127108,0.020957615,1.0330659e-07,3.1357665e-08,2.3164653e-07
-2.6066,0,1.5,1.0517312,-0.00022544148,0.021329646,9.9101399e-08,3.2524608e-08,2.3503974e-07
-2.5826,0,1.5,1.0514159,-0.00022971365,0.021711177,3.9065278e-08,3.3738681e-08,2.3840248e-07
-2.5586,0,1.5,1.0510939,-0.00023409104,0.022102567,1.8104513e-07,3.5002048e-08,2.4168257e-07
-2.5345,0,1.5,1.0507639,-0.00023859615,0.022505904,1.1875043e-07,3.6322588e-08,2.4481785e-07
-2.5105,0,1.5,1.0504283,-0.00024319538,0.022918226,1.8486521e-07,3.7691723e-08,2.4795101e-07
-2.4865,0,1.5,1.0500858,-0.00024791104,0.023341618,3.7490298e-08,3.9117382e-08,2.5096251e-07
-2.4625,0,1.5,1.0497362,-0.00025274726,0.023776509,2.4266718e-07,4.0602243e-08,2.5386581e-07
-2.4384,0,1.5,1.049378,-0.00025772922,0.024225251,9.6509216e-08,4.2155699e-08,2.5661232e-07
-2.4144,0,1.5,1.049014,-0.00026281998,0.024684588,1.3386463e-07,4.3767877e-08,2.5934392e-07
-2.3904,0,1.5,1.0486426,-0.00026804462,0.025156851,3.1554925e-07,4.544826e-08,2.6198457e-07
-2.3664,0,1.5,1.0482638,-0.00027340795,0.025642566,1.7882709e-07,4.7200187e-08,2.6451673e-07
-2.3423,0,1.5,1.0478759,-0.00027893826,0.026144368,1.7073969e-07,4.9035008e-08,2.6682792e-07
-2.3183,0,1.5,1.0474821,-0.00028459502,0.026658665,1.9834659e-07,5.0941242e-08,2.6913583e-07
-2.2943,0,1.5,1.0470805,-0.00029040631,0.02718809,2.320726e-07,5.2930345e-08,2.7137267e-07
-2.2703,0,1.5,1.0466715,-0.00029637785,0.027733234,1.8794256e-07,5.5006594e-08,2.733852e-07
-2.2462,0,1.5,1.0462529,-0.00030254164,0.028297119,1.9719064e-07,5.7183693e-08,2.7534863e-07
-2.2222,0,1.5,1.0458283,-0.00030885284,0.0288757,3.2482421e-07,5.9448357e-08,2.7721888e-07
-2.1982,0,1.5,1.0453962,-0.00031534319,0.029471971,2.095261e-07,6.1814569e-08,2.7897664e-07
-2.1742,0,1.5,1.0449564,-0.00032201957,0.03008663,2.2992282e-07,6.4287713e-08,2.80669e-07
-2.1502,0,1.5,1.044509,-0.0003288892,0.030720409,2.1474214e-07,6.6873549e-08,2.8221817e-07
-2.1261,0,1.5,1.0440521,-0.00033598942,0.031376829,3.2905847e-07,6.9589775e-08,2.8367722e-07
-2.1021,0,1.5,1.0435898,-0.00034326921,0.032051211,1.5542104e-07,7.2420434e-08,2.8518761e-07
-2.0781,0,1.5,1.0431201,-0.00035076582,0.032747074,3.3105043e-07,7.5383543e-08,2.8663431e-07
-2.0541,0,1.5,1.0426432,-0.0003584878,0.033465257,4.1473019e-07,7.84866e-08,2.8797648e-07
-2.03,0,1.5,1.0421574,-0.00036647785,0.034209751,3.5732098e-07,8.1751453e-08,2.8915933e-07
-2.006,0,1.5,1.0416669,-0.00037467909,0.034975309,2.6713476e-07,8.5159596e-08,2.903155e-07
-1.982,0,1.5,1.0411697,-0.00038313398,0.035765871,3.5364781e-07,8.8733479e-08,2.9167908e-07
-1.958,0,1.5,1.0406664,-0.00039185291,0.036582426,3.1734053e-07,9.2482881e-08,2.9297703e-07
-1.9339,0,1.5,1.0401551,-0.00040088469,0.037429544,3.5609144e-07,9.6435206e-08,2.9404964e-07
-1.9099,0,1.5,1.0396403,-0.00041016573,0.038301225,3.344752e-07,1.00569e-07,2.9550194e-07
-1.8859,0,1.5,1.0391205,-0.00041974477,0.039201994,3.2835441e-07,1.049125e-07,2.9688276e-07
-1.8619,0,1.5,1.0385961,-0.00042963432,0.040132957,3.680445e-07,1.0947875e-07,2.9836794e-07
-1.8378,0,1.5,1.0380653,-0.00043989058,0.041099338,4.4936761e-07,1.1430248e-07,2.9957691e-07
-1.8138,0,1.5,1.0375335,-0.00045044219,0.042094292,4.4170933e-07,1.193589e-07,3.0113964e-07
-1.7898,-1.11022302462516e-16,1.5,1.0369989,-0.0004613454,0.043122957,4.3850585e-07,1.2468401e-07,3.02947e-07
-1.7658,0,1.5,1.0364624,-0.00047261523,0.044186601,4.8980666e-07,1.3029562e-07,3.0473443e-07
-1.7417,-1.11022302462516e-16,1.5,1.0359225,-0.00048431692,0.045291161,4.76187e-07,1.3623827e-07,3.0683665e-07
-1.7177,1.11022302462516e-16,1.5,1.0353849,-0.00049637005,0.046428784,6.0960581e-07,1.4248356e-07,3.091978e-07
-1.6937,0,1.5,1.0348482,-0.00050883993,0.047605344,6.0921099e-07,1.490781e-07,3.1154672e-07
-1.6697,-1.11022302462516e-16,1.5,1.0343138,-0.00052174483,0.048822222,6.0709921e-07,1.560466e-07,3.1435242e-07
-1.6456,0,1.5,1.0337806,-0.00053516086,0.050086154,6.4547323e-07,1.6344726e-07,3.1711808e-07
-1.6216,1.11022302462516e-16,1.5,1.0332547,-0.00054899713,0.051388109,7.6335912e-07,1.7124793e-07,3.2028623e-07
-1.5976,1.11022302462516e-16,1.5,1.0327355,-0.00056332998,0.052734682,9.5051536e-07,1.7951011e-07,3.241543e-07
-1.5736,0,1.5,1.0322249,-0.00057818199,0.054127367,8.3223676e-07,1.8826866e-07,3.2786325e-07
-1.5495,0,1.5,1.0317228,-0.00059364251,0.055573729,9.2251229e-07,1.9760127e-07,3.323488e-07
-1.5255,0,1.5,1.0312356,-0.00060960875,0.057063251,8.6798997e-07,2.0747207e-07,3.3724355e-07
-1.5015,-2.22044604925031e-16,1.5,1.0307636,-0.00062617042,0.058603299,1.0182662e-06,2.1796435e-07,3.426528e-07
-1.4775,0,1.5,1.0303098,-0.00064335589,0.060195291,1.1278358e-06,2.2912813e-07,3.4849057e-07
-1.4535,0,1.5,1.0298772,-0.00066119535,0.061840604,1.0992961e-06,2.4101823e-07,3.5514933e-07
-1.4294,0,1.5,1.0294673,-0.00067979918,0.063547743,1.1969742e-06,2.5375001e-07,3.6209248e-07
-1.4054,0,1.5,1.0290874,-0.000699047,0.065303751,1.311725e-06,2.6728487e-07,3.7058145e-07
-1.3814,0,1.5,1.0287398,-0.00071905058,0.06711668,1.3994537e-06,2.8174764e-07,3.7960053e-07
-1.3574,0,1.5,1.0284291,-0.00073984798,0.068987427,1.5408801e-06,2.9722034e-07,3.8886531e-07
-1.3333,0,1.5,1.028159,-0.00076157188,0.07092485,1.6479956e-06,3.138649e-07,3.9944189e-07
-1.3093,0,1.5,1.0279373,-0.00078408544,0.072913293,1.6670164e-06,3.3164398e-07,4.1142608e-07
-1.2853,0,1.5,1.0277687,-0.00080752306,0.074960775,1.8440693e-06,3.5073623e-07,4.2447906e-07
-1.2613,0,1.5,1.0276597,-0.000831934,0.077066981,2.0059182e-06,3.7126592e-07,4.3987028e-07
-1.2372,0,1.5,1.0276171,-0.00085747872,0.07924029,2.2997798e-06,3.9346724e-07,4.5630528e-07
-1.2132,0,1.5,1.0276491,-0.00088400143,0.081461281,2.1962686e-06,4.1731133e-07,4.7359712e-07
-1.1892,0,1.5,1.0277633,-0.00091166554,0.083736818,2.5078358e-06,4.4305972e-07,4.937794e-07
-1.1652,0,1.5,1.0279685,-0.00094053464,0.086064076,2.7043075e-06,4.709058e-07,5.1521213e-07
-1.1411,0,1.5,1.0282758,-0.00097080484,0.088449265,2.7965808e-06,5.0119706e-07,5.4096273e-07
-1.1171,0,1.5,1.0286923,-0.0010022974,0.090867768,3.0308034e-06,5.3392577e-07,5.6767808e-07
-1.0931,0,1.5,1.0292295,-0.0010352121,0.093323316,3.332631e-06,5.6948497e-07,5.9905898e-07
-1.0691,0,1.5,1.0298981,-0.0010696305,0.095808504,3.6596638e-06,6.0818029e-07,6.3436667e-07
-1.045,0,1.5,1.0307129,-0.0011057926,0.098324864,3.7650806e-06,6.5053813e-07,6.7304864e-07
-1.021,0,1.5,1.0316781,-0.0011434902,0.10084085,4.1334288e-06,6.9659328e-07,7.1724225e-07
-0.997,0,1.5,1.0328081,-0.0011829665,0.10335445,4.359955e-06,7.4694633e-07,7.6747953e-07
-0.97297,0,1.5,1.0341151,-0.0012243757,0.10585445,4.7924364e-06,8.0215392e-07,8.2465975e-07
-0.94895,0,1.5,1.0356072,-0.0012677576,0.10832032,5.1788538e-06,8.6267375e-07,8.8884057e-07
-0.92492,0,1.5,1.0372948,-0.0013132587,0.1107358,5.4547589e-06,9.2916553e-07,9.6211458e-07
-0.9009,0,1.5,1.0391839,-0.0013609554,0.11307867,5.9479863e-06,1.0022516e-06,1.0448368e-06
-0.87688,0,1.5,1.0412809,-0.0014109828,0.11532797,6.4502723e-06,1.0827127e-06,1.1414232e-06
-0.85285,-5.55111512312578e-17,1.5,1.0435903,-0.0014634818,0.11746118,7.0857681e-06,1.1714236e-06,1.2512386e-06
-0.82883,5.55111512312578e-17,1.5,1.0461111,-0.0015185277,0.11945202,7.4753611e-06,1.2692319e-06,1.3754662e-06
-0.8048,0,1.5,1.048843,-0.0015762841,0.12127703,8.06871e-06,1.3772311e-06,1.5204196e-06
-0.78078,5.55111512312578e-17,1.5,1.0517779,-0.001636818,0.12290966,8.7264103e-06,1.4964333e-06,1.6826221e-06
-0.75676,0,1.5,1.0549079,-0.0017002624,0.12432637,9.2419352e-06,1.6280714e-06,1.870654e-06
-0.73273,0,1.5,1.0582212,-0.0017667482,0.12550478,9.9304424e-06,1.7734854e-06,2.0853572e-06
-0.70871,-5.55111512312578e-17,1.5,1.0616989,-0.0018363131,0.12642331,1.0586948e-05,1.9339074e-06,2.3308672e-06
-0.68468,0,1.5,1.0653241,-0.0019090966,0.12706517,1.139346e-05,2.1108861e-06,2.6093359e-06
-0.66066,0,1.5,1.0690712,-0.001985105,0.12741592,1.2029483e-05,2.3057368e-06,2.9257468e-06
-0.63664,0,1.5,1.072917,-0.0020644199,0.12746618,1.2819385e-05,2.5200102e-06,3.2836573e-06
-0.61261,0,1.5,1.0768365,-0.0021471109,0.12721069,1.3687231e-05,2.7552846e-06,3.6829519e-06
-0.58859,0,1.5,1.0807994,-0.0022331264,0.12664929,1.4569828e-05,3.0127958e-06,4.1330532e-06
-0.56456,0,1.5,1.0847817,-0.0023225366,0.12578592,1.5343399e-05,3.2941166e-06,4.6334493e-06
-0.54054,0,1.5,1.0887534,-0.0024152502,0.12463022,1.5972222e-05,3.6002514e-06,5.186598e-06
-0.51652,0,1.5,1.0926908,-0.0025112719,0.12319495,1.6958151e-05,3.9323971e-06,5.7926771e-06
-0.49249,0,1.5,1.0965724,-0.0026106005,0.12149601,1.753109e-05,4.2916031e-06,6.4582358e-06
-0.46847,0,1.5,1.1003738,-0.002713105,0.11955447,1.8391526e-05,4.6782508e-06,7.1807171e-06
-0.44444,0,1.5,1.1040803,-0.0028188211,0.11739067,1.9126554e-05,5.0931079e-06,7.9618458e-06
-0.42042,2.77555756156289e-17,1.5,1.1076734,-0.0029276159,0.11502994,1.9954479e-05,5.5360315e-06,8.8033005e-06
-0.3964,2.77555756156289e-17,1.5,1.1111427,-0.0030395018,0.11249587,2.0583426e-05,6.0071583e-06,9.7038289e-06
-0.37237,0,1.5,1.1144801,-0.0031545166,0.10981201,2.1217151e-05,6.5064555e-06,1.0662346e-05
-0.34835,0,1.5,1.1176763,-0.0032725773,0.10700503,2.1967383e-05,7.0330749e-06,1.1680266e-05
-0.32432,0,1.5,1.1207302,-0.0033938305,0.10409629,2.2604098e-05,7.5869121e-06,1.2755499e-05
-0.3003,0,1.5,1.1236379,-0.0035182518,0.10111077,2.3143264e-05,8.1668465e-06,1.3888835e-05
-0.27628,0,1.5,1.1264011,-0.0036460039,0.098068415,2.384902e-05,8.7724457e-06,1.5080593e-05
-0.25225,0,1.5,1.1290234,-0.0037772912,0.094987454,2.4419692e-05,9.4033671e-06,1.6333801e-05
-0.22823,0,1.5,1.1315066,-0.0039121835,0.091888254,2.4734694e-05,1.0058578e-05,1.7645663e-05
-0.2042,1.38777878078145e-17,1.5,1.1338578,-0.0040509826,0.088784202,2.5348192e-05,1.0738275e-05,1.9023221e-05
-0.18018,-1.38777878078145e-17,1.5,1.1360815,-0.0041937881,0.085692031,2.5806661e-05,1.1441808e-05,2.0464523e-05
-0.15616,0,1.5,1.1381859,-0.0043408764,0.082622768,2.6159497e-05,1.2169564e-05,2.1975017e-05
-0.13213,0,1.5,1.1401794,-0.0044925198,0.079585717,2.6470243e-05,1.2922359e-05,2.3556787e-05
-0.10811,-6.93889390390723e-18,1.5,1.1420689,-0.0046487887,0.076592264,2.6784491e-05,1.3700419e-05,2.5212948e-05
-0.084084,0,1.5,1.1438642,-0.0048099655,0.073647636,2.6898996e-05,1.4505372e-05,2.6946952e-05
-0.06006,0,1.5,1.1455735,-0.0049761361,0.070758545,2.7144018e-05,1.5338572e-05,2.87608e-05
-0.036036,0,1.5,1.1472061,-0.0051474331,0.067929026,2.7026451e-05,1.6202043e-05,3.0655465e-05
-0.012012,8.67361737988404e-19,1.5,1.1487707,-0.0053239193,0.065162024,2.7126377e-05,1.7097945e-05,3.2631282e-05
0.012012,-8.67361737988404e-19,1.5,1.1502765,-0.0055056346,0.062459248,2.7046848e-05,1.8029056e-05,3.4688185e-05
0.036036,0,1.5,1.151732,-0.0056925753,0.059821271,2.6737168e-05,1.8998355e-05,3.6823921e-05
0.06006,0,1.5,1.1531458,-0.0058846818,0.057247621,2.6560204e-05,2.0008966e-05,3.9034789e-05
0.084084,0,1.5,1.1545259,-0.0060818751,0.054736884,2.6252683e-05,2.1064473e-05,4.1315526e-05
0.10811,6.93889390390723e-18,1.5,1.1558802,-0.0062840404,0.052286583,2.5820772e-05,2.2168596e-05,4.3659803e-05
0.13213,0,1.5,1.1572155,-0.0064909672,0.049894484,2.5183054e-05,2.3324906e-05,4.605941e-05
0.15616,0,1.5,1.1585394,-0.0067025738,0.047555313,2.4609239e-05,2.4538237e-05,4.850757e-05
0.18018,1.38777878078145e-17,1.5,1.1598568,-0.0069184448,0.045266751,2.3986743e-05,2.5811691e-05,5.0993208e-05
0.2042,-1.38777878078145e-17,1.5,1.1611737,-0.0071384538,0.043023091,2.3184465e-05,2.7150014e-05,5.3507304e-05
0.22823,0,1.5,1.1624953,-0.0073623474,0.040818336,2.2418445e-05,2.8558295e-05,5.6043177e-05
0.25225,0,1.5,1.1638244,-0.0075895095,0.038649007,2.143226e-05,3.0039365e-05,5.858677e-05
0.27628,0,1.5,1.1651652,-0.0078198857,0.036507793,2.0712297e-05,3.1599415e-05,6.1133898e-05
0.3003,0,1.5,1.166519,-0.0080527374,0.034390932,1.9885822e-05,3.324124e-05,6.3675988e-05
0.32432,0,1.5,1.1678878,-0.0082876514,0.032292109,1.8905e-05,3.4969802e-05,6.620548e-05
0.34835,0,1.5,1.1692727,-0.0085242126,0.030205225,1.8196215e-05,3.6790826e-05,6.8718361e-05
0.37237,0,1.5,1.1706731,-0.0087615405,0.028126855,1.7364139e-05,3.8705732e-05,7.121043e-05
0.3964,-2.77555756156289e-17,1.5,1.1720891,-0.0089990881,0.026050434,1.6798416e-05,4.0721014e-05,7.3680491e-05
0.42042,-2.77555756156289e-17,1.5,1.1735185,-0.0092362568,0.023973616,1.6112809e-05,4.2837436e-05,7.6126345e-05
0.44444,0,1.5,1.1749602,-0.0094717677,0.021891297,1.5556424e-05,4.5059425e-05,7.8547634e-05
0.46847,0,1.5,1.1764125,-0.0097050979,0.019799286,1.5142616e-05,4.7389807e-05,8.0946621e-05
0.49249,0,1.5,1.1778716,-0.0099350989,0.01769621,1.4807759e-05,4.9826918e-05,8.3322131e-05
0.51652,0,1.5,1.1793356,-0.010161232,0.015577835,1.4551826e-05,5.2378608e-05,8.5685328e-05
0.54054,0,1.5,1.1808008,-0.010381669,0.013443774,1.4365656e-05,5.5033737e-05,8.8032877e-05
0.56456,0,1.5,1.1822643,-0.010595686,0.011291346,1.4536775e-05,5.7793853e-05,9.0359327e-05
0.58859,0,1.5,1.1837233,-0.010802518,0.0091187777,1.4668436e-05,6.0662807e-05,9.2688965e-05
0.61261,0,1.5,1.1851737,-0.011000329,0.0069265336,1.502752e-05,6.3622927e-05,9.5007591e-05
0.63664,0,1.5,1.1866132,-0.011188304,0.0047122432,1.5663268e-05,6.6672352e-05,9.7324611e-05
0.66066,0,1.5,1.1880376,-0.011365227,0.002477457,1.6175402e-05,6.980084e-05,9.9641625e-05
0.68468,0,1.5,1.189444,-0.011530163,0.00022108233,1.7143609e-05,7.3001135e-05,0.00010196295
0.70871,5.55111512312578e-17,1.5,1.1908303,-0.011681891,-0.0020580973,1.820911e-05,7.6256582e-05,0.00010428909
0.73273,0,1.5,1.1921928,-0.011819151,-0.0043575975,1.9341166e-05,7.9548867e-05,0.00010662615
0.75676,0,1.5,1.1935289,-0.011941492,-0.0066798968,2.0738817e-05,8.2871011e-05,0.00010896904
0.78078,-5.55111512312578e-17,1.5,1.1948352,-0.012047791,-0.0090225732,2.2426992e-05,8.6203565e-05,0.00011132537
0.8048,0,1.5,1.1961096,-0.012137635,-0.011386106,2.4342613e-05,8.954018e-05,0.00011370175
0.82883,-5.55111512312578e-17,1.5,1.1973499,-0.012210406,-0.013771403,2.6438112e-05,9.2864606e-05,0.00011610155
0.85285,5.55111512312578e-17,1.5,1.1985523,-0.012265258,-0.016176964,2.8596188e-05,9.616985e-05,0.00011853505
0.87688,0,1.5,1.1997156,-0.012302731,-0.018603055,3.102291e-05,9.945864e-05,0.00012101562
0.9009,0,1.5,1.2008358,-0.012322352,-0.021049072,3.3873736e-05,0.00010272616,0.00012354029
0.92492,0,1.5,1.2019116,-0.012324452,-0.02351455,3.6758075e-05,0.00010598052,0.00012613117
0.94895,0,1.5,1.2029404,-0.012309339,-0.026000214,3.9679286e-05,0.0001092267,0.00012881066
0.97297,0,1.5,1.2039198,-0.012277544,-0.028503892,4.2791044e-05,0.00011246234,0.0001315733
0.997,0,1.5,1.2048482,-0.012229168,-0.031027747,4.6284271e-05,0.00011570145,0.00013443892
1.021,0,1.5,1.2057223,-0.012165342,-0.033566483,4.9761911e-05,0.00011892583,0.00013741518
1.045,0,1.5,1.206541,-0.012086172,-0.036123283,5.3474863e-05,0.00012211489,0.00014047822
1.0691,0,1.5,1.2073059,-0.011991866,-0.03870855,5.7479211e-05,0.00012527711,0.00014366568
1.0931,0,1.5,1.2080084,-0.011884365,-0.041299957,6.1421608e-05,0.00012834157,0.00014693714
1.1171,0,1.5,1.2086508,-0.01176178,-0.043908582,6.5724808e-05,0.00013130923,0.00015026359
1.1411,0,1.5,1.2092303,-0.011625464,-0.046534639,7.0257119e-05,0.00013412751,0.00015362646
1.1652,0,1.5,1.2097487,-0.011478662,-0.049187439,7.5012761e-05,0.00013679763,0.00015706526
1.1892,0,1.5,1.2101973,-0.011315122,-0.051844525,7.9744443e-05,0.00013923776,0.0001604532
1.2132,0,1.5,1.2105769,-0.011140374,-0.054518157,8.5098835e-05,0.0001414341,0.00016381049
1.2372,0,1.5,1.2108866,-0.010953574,-0.057205712,9.0445784e-05,0.00014336167,0.00016713863
1.2613,0,1.5,1.2111249,-0.010752626,-0.05992082,9.625812e-05,0.00014497802,0.00017026425
1.2853,0,1.5,1.2112876,-0.010541918,-0.062634981,0.00010216491,0.00014625841,0.00017332265
1.3093,0,1.5,1.2113736,-0.010319814,-0.065361426,0.0001084671,0.0001471598,0.00017614753
1.3333,0,1.5,1.2113811,-0.010086951,-0.068098091,0.00011495509,0.00014767754,0.00017873121
1.3574,0,1.5,1.2113081,-0.0098438114,-0.070855866,0.00012190428,0.00014777196,0.00018106087
1.3814,0,1.5,1.2111547,-0.0095906847,-0.073608567,0.00012907786,0.00014742574,0.00018317602
1.4054,0,1.5,1.2109177,-0.0093292504,-0.076366219,0.00013678934,0.00014660664,0.00018486614
1.4294,0,1.5,1.2105973,-0.0090607171,-0.079126397,0.00014449499,0.00014530372,0.00018619199
1.4535,0,1.5,1.2101897,-0.0087850193,-0.081897357,0.00015303612,0.00014350386,0.00018710109
1.4775,0,1.5,1.2096988,-0.0085041225,-0.0846552,0.00016159499,0.00014126654,0.0001875933
1.5015,2.22044604925031e-16,1.5,1.2091179,-0.0082163495,-0.087409048,0.00017090948,0.00013863804,0.00018753119
1.5255,0,1.5,1.2084515,-0.0079243859,-0.090155351,0.00018044444,0.00013558151,0.00018696541
1.5495,0,1.5,1.2076981,-0.0076283337,-0.092890124,0.00019059711,0.00013214608,0.00018589812
1.5736,0,1.5,1.2068515,-0.0073270498,-0.095621146,0.00020086807,0.00012839177,0.00018429612
1.5976,-1.11022302462516e-16,1.5,1.2059244,-0.0070251112,-0.098326549,0.00021167364,0.00012438986,0.00018212205
1.6216,-1.11022302462516e-16,1.5,1.2049095,-0.0067203581,-0.10101097,0.00022265984,0.00012017702,0.00017942623
1.6456,0,1.5,1.2038081,-0.0064194432,-0.10367146,0.00023416986,0.00011588861,0.00017622152
1.6697,1.11022302462516e-16,1.5,1.202615,-0.0061167297,-0.10631686,0.00024566094,0.00011152099,0.00017249265
1.6937,0,1.5,1.2013424,-0.0058177892,-0.10891964,0.00025738206,0.0001072556,0.00016841181
1.7177,-1.11022302462516e-16,1.5,1.1999873,-0.0055215599,-0.11148837,0.00026930976,0.00010319677,0.00016390239
1.7417,1.11022302462516e-16,1.5,1.198553,-0.0052281825,-0.11401967,0.00028102532,9.9362026e-05,0.00015907621
1.7658,0,1.5,1.1970338,-0.0049386675,-0.11652027,0.00029293311,9.5826846e-05,0.00015399839
1.7898,1.11022302462516e-16,1.5,1.1954432,-0.004656074,-0.11896714,0.00030422026,9.268649e-05,0.00014878665
1.8138,0,1.5,1.1937808,-0.0043793937,-0.12136554,0.00031555513,8.9971056e-05,0.00014353921
1.8378,0,1.5,1.1920416,-0.0041112075,-0.12371356,0.00032624315,8.7695079e-05,0.00013830881
1.8619,0,1.5,1.1902296,-0.0038514299,-0.12601794,0.00033644102,8.5819393e-05,0.00013314924
1.8859,0,1.5,1.1883597,-0.0036008483,-0.12825093,0.0003462008,8.4368314e-05,0.00012829277
1.9099,0,1.5,1.1864297,-0.0033576918,-0.13042358,0.00035522926,8.3278813e-05,0.00012380906
1.9339,0,1.5,1.1844428,-0.0031227039,-0.13253394,0.00036343516,8.2507104e-05,0.00011979672
1.958,0,1.5,1.1823916,-0.0028968674,-0.13458616,0.00037089929,8.2018808e-05,0.00011634478
1.982,0,1.5,1.180296,-0.0026792168,-0.13656242,0.00037707406,8.1771921e-05,0.00011352868
2.006,0,1.5,1.1781562,-0.0024673552,-0.13846479,0.00038217037,8.1772151e-05,0.00011140767
2.03,0,1.5,1.1759698,-0.0022605711,-0.14029193,0.00038621047,8.1988059e-05,0.00011010254
2.0541,0,1.5,1.1737367,-0.0020649,-0.14205044,0.00038893963,8.2375919e-05,0.0001095
2.0781,0,1.5,1.171486,-0.0018744778,-0.14372397,0.00039061687,8.2891737e-05,0.00010967564
2.1021,0,1.5,1.1692033,-0.0016905547,-0.14531862,0.0003907298,8.3591961e-05,0.00011067616
2.1261,0,1.5,1.1668912,-0.0015145955,-0.14683556,0.00038975517,8.4399368e-05,0.00011254546
2.1502,0,1.5,1.1645412,-0.0013434576,-0.14827347,0.00038718552,8.5336472e-05,0.00011513769
2.1742,0,1.5,1.1621748,-0.0011776749,-0.14962164,0.00038359089,8.6361417e-05,0.0001184709
2.1982,0,1.5,1.1597908,-0.0010174665,-0.15088104,0.00037872301,8.7541506e-05,0.00012238963
2.2222,0,1.5,1.1573935,-0.00086417864,-0.1520553,0.00037264713,8.8843852e-05,0.00012693558
2.2462,0,1.5,1.1549895,-0.00071642489,-0.15314044,0.00036579855,9.0192441e-05,0.00013194612
2.2703,0,1.5,1.1525666,-0.00057382932,-0.15414205,0.00035815005,9.1576643e-05,0.00013756872
2.2943,0,1.5,1.1501532,-0.00043845855,-0.1550486,0.00035002971,9.2957442e-05,0.00014360626
2.3183,0,1.5,1.1477385,-0.00030605993,-0.15586667,0.00034091188,9.4364404e-05,0.00015004462
2.3423,0,1.5,1.1453238,-0.00018628698,-0.15659311,0.00033090851,9.5852521e-05,0.00015684195
2.3664,0,1.5,1.1429094,-7.0004048e-05,-0.15723434,0.00032034582,9.7352961e-05,0.00016365866
2.3904,0,1.5,1.1405152,3.9766235e-05,-0.1577804,0.00030989588,9.88267e-05,0.00017070445
2.4144,0,1.5,1.138138,0.00014002715,-0.1582363,0.00029936809,0.00010033472,0.00017767909
2.4384,0,1.5,1.1357834,0.00023511149,-0.15860577,0.00028880602,0.00010172067,0.00018464115
2.4625,0,1.5,1.1334432,0.00032326584,-0.15889049,0.00027827722,0.00010308137,0.00019155638
2.4865,0,1.5,1.131136,0.00040513385,-0.15909054,0.00026799275,0.00010435058,0.00019832243
2.5105,0,1.5,1.1288586,0.00048057694,-0.15920812,0.00025797944,0.00010550431,0.00020485465
2.5345,0,1.5,1.1266102,0.00054942615,-0.15924739,0.00024829956,0.00010656508,0.00021110449
2.5586,0,1.5,1.1243886,0.00061121,-0.15920598,0.00023891385,0.00010757375,0.00021728422
2.5826,0,1.5,1.1222116,0.00066419465,-0.15908925,0.00022967906,0.00010850817,0.00022322107
2.6066,0,1.5,1.1200704,0.00070955759,-0.15890073,0.00022106274,0.00010932141,0.00022888205
2.6306,0,1.5,1.1179707,0.00074988531,-0.15864056,0.00021283799,0.00011005698,0.0002343619
2.6547,0,1.5,1.1159024,0.00078418658,-0.15831276,0.00020485009,0.00011069562,0.00023961962
2.6787,0,1.5,1.1138859,0.00081136932,-0.15791931,0.00019723923,0.00011125979,0.00024481469
2.7027,0,1.5,1.111913,0.00083131297,-0.1574632,0.00018996231,0.00011174493,0.00024986218
2.7267,0,1.5,1.1099832,0.00084363545,-0.15694669,0.00018306614,0.00011216469,0.00025483505
2.7508,0,1.5,1.1080898,0.00084892941,-0.15636977,0.00017642875,0.0001125034,0.00025968664
2.7748,0,1.5,1.1062507,0.00084752496,-0.15573956,0.00017027471,0.000112793,0.00026439789
2.7988,0,1.5,1.1044604,0.00083873641,-0.15505603,0.00016429231,0.00011305843,0.00026905287
2.8228,0,1.5,1.1027172,0.00082346303,-0.15432194,0.00015881369,0.00011328227,0.00027359294
2.8468,0,1.5,1.1010211,0.00080137446,-0.153539,0.00015352761,0.00011351107,0.00027809357
2.8709,-2.22044604925031e-16,1.5,1.0993687,0.00077084693,-0.15270507,0.00014843825,0.00011380223,0.0002826822
2.8949,0,1.5,1.0977717,0.00073383873,-0.15183052,0.00014355827,0.00011414892,0.00028724643
2.9189,2.22044604925031e-16,1.5,1.0962229,0.00069216177,-0.15091368,0.00013913467,0.00011449967,0.00029185329
2.9429,-2.22044604925031e-16,1.5,1.0947269,0.00064460101,-0.14995512,0.00013491625,0.0001149044,0.00029664199
2.967,2.22044604925031e-16,1.5,1.0932769,0.00059291216,-0.1489543,0.00013069044,0.00011530617,0.00030152998
2.991,0,1.5,1.0918865,0.00054010246,-0.14792098,0.00012682419,0.00011557892,0.00030651531
3.015,0,1.5,1.0905492,0.00048136083,-0.14685345,0.00012298921,0.00011596727,0.00031161725
3.039,4.44089209850063e-16,1.5,1.0892611,0.00041771379,-0.14575677,0.00011943746,0.00011644929,0.00031664221
3.0631,0,1.5,1.088027,0.00035245461,-0.14462329,0.00011597314,0.00011680816,0.00032212285
3.0871,2.22044604925031e-16,1.5,1.0868473,0.00029204863,-0.14347089,0.00011300947,0.00011672789,0.00032733209
3.1111,-2.22044604925031e-16,1.5,1.0857208,0.00022992044,-0.14229047,0.00011013192,0.00011659929,0.00033296709
3.1351,0,1.5,1.0846516,0.00016871103,-0.14108522,0.00010732296,0.0001162535,0.0003390325
3.1592,-2.22044604925031e-16,1.5,1.0836301,0.00011112705,-0.13985558,0.00010480881,0.00011560553,0.0003450784
3.1832,0,1.5,1.0826666,5.5825468e-05,-0.13861345,0.00010257738,0.00011480655,0.00035103418
3.2072,-2.22044604925031e-16,1.5,1.0817579,3.3747055e-06,-0.13735431,0.00010059706,0.00011377031,0.00035714151
3.2312,-2.22044604925031e-16,1.5,1.0809012,-4.385039e-05,-0.13608049,9.8812345e-05,0.00011244708,0.00036336493
3.2553,4.44089209850063e-16,1.5,1.0800907,-8.5387586e-05,-0.13479046,9.7408973e-05,0.00011082276,0.00036949693
3.2793,0,1.5,1.0793335,-0.00012095581,-0.13349731,9.6373303e-05,0.0001088669,0.00037542185
3.3033,0,1.5,1.0786296,-0.00015160785,-0.13219716,9.5780941e-05,0.00010668528,0.00038119224
3.3273,4.44089209850063e-16,1.5,1.0779759,-0.00017831395,-0.13089368,9.5627388e-05,0.00010442108,0.00038655296
3.3514,0,1.5,1.0773677,-0.0002014791,-0.12958385,9.5808225e-05,0.00010210855,0.00039141049
3.3754,2.22044604925031e-16,1.5,1.0768118,-0.00022098111,-0.12827975,9.7303795e-05,9.9759552e-05,0.0003957605
3.3994,-2.22044604925031e-16,1.5,1.0763007,-0.00024019134,-0.12698302,9.8702366e-05,9.7513699e-05,0.00039905524
3.4234,0,1.5,1.0758279,-0.00025968768,-0.1256977,0.00010060431,9.5375224e-05,0.00040112834
3.4474,2.22044604925031e-16,1.5,1.0753948,-0.00026288797,-0.12442088,0.00010293707,9.2794651e-05,0.00040239432
3.4715,0,1.5,1.0750043,-0.00023726154,-0.12314307,0.0001058983,9.0092118e-05,0.00040336346
3.4955,0,1.5,1.0746539,-0.00020534097,-0.12187507,0.00010927361,8.7848609e-05,0.00040404382
3.5195,0,1.5,1.0743636,-0.00018955734,-0.12061473,0.00011614867,8.4698788e-05,0.00040405753
3.5435,0,1.5,1.0740183,-0.00017753102,-0.11937501,0.00011748697,8.2194911e-05,0.00040338776
3.5676,0,1.5,1.0737405,-0.0001549992,-0.11813203,0.00011422789,8.2516437e-05,0.00040442894
3.5916,0,1.5,1.0735136,-0.00012249268,-0.11689445,0.0001209202,8.1335657e-05,0.00040351818
3.6156,2.22044604925031e-16,1.5,1.0733251,-8.0320795e-05,-0.11567307,0.00012633807,7.6731806e-05,0.00040077076
3.6396,0,1.5,1.0731652,-3.6352212e-05,-0.11447197,0.0001282769,7.3215139e-05,0.00039903129
3.6637,0,1.5,1.073026,7.1717789e-06,-0.11328381,0.00013145189,7.2706158e-05,0.00039744832
3.6877,0,1.5,1.0729014,5.5338598e-05,-0.11211699,0.00013726534,7.2375572e-05,0.00039474532
3.7117,0,1.5,1.0728005,0.00011135793,-0.11096782,0.00014471484,7.0177803e-05,0.00039111172
3.7357,0,1.5,1.0727299,0.00016548979,-0.10983504,0.00014995712,6.7245834e-05,0.0003874754
3.7598,0,1.5,1.0726776,0.00022038894,-0.10871548,0.00015237011,6.5533042e-05,0.000384377
3.7838,0,1.5,1.072636,0.00027892558,-0.10761787,0.00015444001,6.5132525e-05,0.00038151224
3.8078,0,1.5,1.0726079,0.00034405926,-0.10653485,0.0001581642,6.4578961e-05,0.00037829164
3.8318,0,1.5,1.0725974,0.00041260044,-0.10546637,0.00016302049,6.3212641e-05,0.000374716
3.8559,-2.22044604925031e-16,1.5,1.0726017,0.00047773284,-0.10441114,0.00016642667,6.1680809e-05,0.00037149562
3.8799,0,1.5,1.072617,0.00054396354,-0.1033716,0.00016866612,6.0782937e-05,0.00036865263
3.9039,0,1.5,1.0726453,0.00061130294,-0.10234263,0.00017121398,6.0554865e-05,0.00036600054
3.9279,-2.22044604925031e-16,1.5,1.0726877,0.00067701875,-0.1013268,0.00017390816,6.0365601e-05,0.00036352215
3.952,0,1.5,1.0727462,0.00074334679,-0.10031967,0.00017682261,5.9868914e-05,0.0003613645
3.976,0,1.5,1.0728197,0.00081284798,-0.099328222,0.00017985826,5.944994e-05,0.00035956177
4,0,1.5,1.0729003,0.00088404679,-0.098348978,0.00018215396,5.9609472e-05,0.00035790265
4.024,0,1.5,1.0729783,0.00095175751,-0.097384782,0.00018354449,6.0052296e-05,0.000356183
4.048,0,1.5,1.0730609,0.0010145313,-0.096435796,0.00018437342,6.0049192e-05,0.00035438589
4.0721,0,1.5,1.0731721,0.0010775197,-0.095489731,0.00018622544,5.9727e-05,0.00035297906
4.0961,0,1.5,1.0733238,0.0011396894,-0.09454571,0.00018901863,5.9522187e-05,0.00035241013
4.1201,0,1.5,1.0734613,0.0011970003,-0.093626724,0.0001898165,5.9527308e-05,0.00035125539
4.1441,0,1.5,1.0735887,0.0012627315,-0.092727695,0.00019154924,6.0113078e-05,0.00034929997
4.1682,0,1.5,1.0737459,0.0013324149,-0.091825249,0.00019445982,5.9761544e-05,0.00034783887
4.1922,0,1.5,1.0739195,0.0014037288,-0.090940293,0.00019533064,5.9437537e-05,0.00034695074
4.2162,0,1.5,1.0741045,0.0014737727,-0.090072286,0.00019641072,5.9873513e-05,0.00034623936
4.2402,0,1.5,1.0742996,0.0015420906,-0.089217357,0.00019833565,6.0446942e-05,0.00034501261
4.2643,0,1.5,1.074505,0.0016116371,-0.088370277,0.0002008938,6.0728087e-05,0.00034332868
4.2883,0,1.5,1.0747163,0.0016854066,-0.087539903,0.00020254879,6.0621331e-05,0.00034149293
4.3123,0,1.5,1.0749311,0.0017634358,-0.086725723,0.00020242551,6.0289546e-05,0.00033950482
4.3363,0,1.5,1.0751513,0.0018418716,-0.085928783,0.00020097609,5.9972863e-05,0.00033731817
4.3604,0,1.5,1.0753843,0.0019179583,-0.085144147,0.00019999088,5.9749927e-05,0.00033500848
4.3844,0,1.5,1.0756323,0.0019917866,-0.084376178,0.00020091316,5.9650758e-05,0.00033275972
4.4084,0,1.5,1.0758954,0.002067159,-0.08362096,0.00020319032,5.9566561e-05,0.00033067582
4.4324,0,1.5,1.0761692,0.0021448209,-0.082879651,0.00020547198,5.9562482e-05,0.00032851164
4.4565,0,1.5,1.07645,0.0022250993,-0.082151336,0.00020696247,5.9483323e-05,0.00032598031
4.4805,0,1.5,1.0767335,0.0023063386,-0.081441739,0.00020803031,5.9095638e-05,0.00032317377
4.5045,0,1.5,1.0770218,0.0023877369,-0.080745768,0.00020945072,5.8314771e-05,0.00032030641
4.5285,0,1.5,1.0773149,0.0024691884,-0.080062064,0.00021152411,5.726221e-05,0.00031742762
4.5526,0,1.5,1.0776087,0.0025522991,-0.079388533,0.00021374111,5.6138288e-05,0.0003144553
4.5766,0,1.5,1.0778939,0.0026374441,-0.078733438,0.00021476624,5.5163946e-05,0.0003113426
4.6006,0,1.5,1.0781674,0.0027240058,-0.078094896,0.00021366447,5.4331208e-05,0.00030829868
4.6246,0,1.5,1.0784356,0.0028086301,-0.077470944,0.00021041537,5.3552702e-05,0.00030530784
4.6486,0,1.5,1.0787077,0.0028895682,-0.076860375,0.00020728694,5.2851179e-05,0.00030238565
4.6727,0,1.5,1.0789923,0.0029697534,-0.076258432,0.00020582196,5.2202226e-05,0.00029959816
4.6967,0,1.5,1.0792888,0.0030527426,-0.075667559,0.00020612677,5.1585331e-05,0.00029712081
4.7207,0,1.5,1.0795939,0.0031407973,-0.075084674,0.00020743002,5.0962579e-05,0.00029498968
4.7447,0,1.5,1.0798986,0.0032320421,-0.074511274,0.00020836036,5.0257871e-05,0.00029293033
4.7688,0,1.5,1.0801951,0.0033233039,-0.073945507,0.00020750955,4.9368446e-05,0.00029057349
4.7928,0,1.5,1.0804766,0.0034090839,-0.07339304,0.00020470234,4.852431e-05,0.00028772823
4.8168,0,1.5,1.0807383,0.0034975558,-0.072856993,0.00019817551,4.7412843e-05,0.00028364488
4.8408,0,1.5,1.0809689,0.0035907702,-0.072337559,0.0001854535,4.6782613e-05,0.00027817119
4.8649,0,1.5,1.0813161,0.0036553355,-0.071800571,0.00018938568,4.6275521e-05,0.00027727731
4.8889,0,1.5,1.0816334,0.0037262654,-0.071277218,0.00019692111,4.5005067e-05,0.00027740769
4.9129,0,1.5,1.0819387,0.003804246,-0.070765239,0.00020432581,4.4391189e-05,0.00027672769
4.9369,0,1.5,1.0822366,0.0038806052,-0.070266976,0.0002064805,4.4324151e-05,0.00027471482
4.961,0,1.5,1.082508,0.0039667279,-0.069776723,0.00019806869,4.4521669e-05,0.00027347653
4.985,0,1.5,1.0827521,0.0040611085,-0.069307839,0.00018044067,4.5070871e-05,0.00027398977
5.009,0,1.5,1.0830658,0.0040628494,-0.06889916,0.00017077708,4.4767298e-05,0.00026399597
5.033,0,1.5,1.0833267,0.0041470434,-0.068453935,0.00016238417,4.5083692e-05,0.00026182409
5.0571,0,1.5,1.0836093,0.0042233337,-0.068013878,0.00015748297,4.5222258e-05,0.00025864039
5.0811,0,1.5,1.0839034,0.0042920089,-0.067586181,0.0001546972,4.5379992e-05,0.00025551918
5.1051,0,1.5,1.0842042,0.0043540411,-0.067170805,0.00015304163,4.5631633e-05,0.00025284954
5.1291,0,1.5,1.0845076,0.0044099168,-0.066768378,0.00015190326,4.5977173e-05,0.00025064913
5.1532,0,1.5,1.0848121,0.0044602603,-0.066377186,0.0001509208,4.6381431e-05,0.000248739
5.1772,0,1.5,1.0851134,0.0045050864,-0.065999933,0.00014992573,4.6793562e-05,0.0002469126
5.2012,0,1.5,1.0854121,0.0045450895,-0.065634239,0.00014885789,4.7174744e-05,0.00024498002
5.2252,0,1.5,1.0857082,0.0045808022,-0.06527934,0.00014773292,4.7500968e-05,0.00024284841
5.2492,0,1.5,1.0860019,0.0046128123,-0.064934526,0.00014660132,4.7767763e-05,0.00024052826
5.2733,0,1.5,1.0862949,0.0046418599,-0.06459781,0.0001455175,4.7989267e-05,0.0002381112
5.2973,0,1.5,1.0865851,0.0046683375,-0.064271469,0.00014453996,4.8189491e-05,0.00023577903
5.3213,0,1.5,1.0868737,0.0046929698,-0.06395365,0.00014369391,4.8400264e-05,0.00023369847
5.3453,0,1.5,1.0871606,0.0047162779,-0.063643956,0.00014298628,4.8649428e-05,0.00023201272
5.3694,0,1.5,1.0874465,0.0047387503,-0.063340756,0.00014240051,4.895596e-05,0.00023078077
5.3934,0,1.5,1.087728,0.0047604292,-0.063046166,0.00014191127,4.9319519e-05,0.00022995861
5.4174,0,1.5,1.0880057,0.0047814286,-0.062758516,0.00014147833,4.9726584e-05,0.00022934877
5.4414,0,1.5,1.0882787,0.0048015276,-0.06247746,0.00014106641,5.0149223e-05,0.00022862698
5.4655,0,1.5,1.0885483,0.00482032,-0.062201681,0.00014065059,5.05579e-05,0.00022736465
5.4895,0,1.5,1.0888133,0.0048369027,-0.061933616,0.00014023207,5.0932725e-05,0.00022512619
5.5135,0,1.5,1.0890779,0.0048504257,-0.061672736,0.00013986642,5.1309858e-05,0.00022179371
5.5375,0,1.5,1.0893338,0.004863144,-0.061415668,0.00014012771,5.1856514e-05,0.00022321032
5.5616,0,1.5,1.089588,0.0048737107,-0.061164355,0.00013971534,5.2200581e-05,0.00022165982
5.5856,0,1.5,1.089838,0.0048819282,-0.060920687,0.00013891836,5.2436579e-05,0.00021908814
5.6096,0,1.5,1.0900843,0.0048877757,-0.060683266,0.00013787385,5.2616921e-05,0.00021645704
5.6336,0,1.5,1.0903267,0.0048912241,-0.06045166,0.0001366339,5.2762062e-05,0.00021411725
5.6577,4.44089209850063e-16,1.5,1.0905661,0.004892282,-0.060224455,0.00013520339,5.2875203e-05,0.00021206408
5.6817,0,1.5,1.0908001,0.0048909838,-0.060003031,0.00013359504,5.2949914e-05,0.00021016398
5.7057,-4.44089209850063e-16,1.5,1.0910298,0.0048874098,-0.059785926,0.00013181231,5.2979604e-05,0.00020823612
5.7297,4.44089209850063e-16,1.5,1.0912551,0.0048816528,-0.059572644,0.00012988084,5.2959671e-05,0.00020616523
5.7538,-4.44089209850063e-16,1.5,1.0914769,0.0048737832,-0.059361833,0.00012783497,5.2889789e-05,0.00020391712
5.7778,4.44089209850063e-16,1.5,1.0916932,0.004863982,-0.059154778,0.00012574714,5.2775753e-05,0.00020157658
5.8018,0,1.5,1.0919053,0.0048523378,-0.058950159,0.000123668,5.2626872e-05,0.00019926529
5.8258,-4.44089209850063e-16,1.5,1.0921131,0.0048389652,-0.058747563,0.0001216501,5.2455174e-05,0.00019713688
5.8498,4.44089209850063e-16,1.5,1.0923168,0.0048239731,-0.058546617,0.00011973022,5.2272894e-05,0.00019531986
5.8739,-4.44089209850063e-16,1.5,1.0925175,0.0048073928,-0.058346167,0.00011791547,5.2089232e-05,0.00019386688
5.8979,-4.44089209850063e-16,1.5,1.0927136,0.0047894619,-0.05814763,0.00011621118,5.1911079e-05,0.00019274355
5.9219,0,1.5,1.0929064,0.0047702171,-0.057950032,0.00011458118,5.1736663e-05,0.00019178064
5.9459,-4.44089209850063e-16,1.5,1.0930961,0.0047497738,-0.05775339,0.0001129929,5.1557829e-05,0.00019071853
5.97,0,1.5,1.0932835,0.004728183,-0.057557125,0.00011142908,5.1358876e-05,0.00018925201
5.994,-4.44089209850063e-16,1.5,1.0934673,0.0047058147,-0.057363396,0.00010995303,5.1122101e-05,0.00018716464
6.018,0,1.5,1.0936483,0.0046828445,-0.057172307,0.00010872434,5.0827206e-05,0.00018446121
6.042,0,1.5,1.0938271,0.0046584716,-0.05698111,0.00010812165,5.0671692e-05,0.00018431406
6.0661,0,1.5,1.0940053,0.0046331847,-0.056789645,0.00010726738,5.0447899e-05,0.00018330439
6.0901,0,1.5,1.094181,0.0046076239,-0.056601075,0.00010617714,5.014771e-05,0.00018122999
6.1141,8.88178419700125e-16,1.5,1.0943546,0.0045816074,-0.056414573,0.00010498317,4.9830214e-05,0.00017900313
6.1381,0,1.5,1.0945257,0.0045550676,-0.056230022,0.00010374196,4.9513702e-05,0.00017699135
6.1622,-4.44089209850063e-16,1.5,1.094695,0.0045278368,-0.056046489,0.00010246309,4.9191671e-05,0.00017523553
6.1862,4.44089209850063e-16,1.5,1.094861,0.0045001061,-0.055865287,0.00010115616,4.8851438e-05,0.00017364373
6.2102,0,1.5,1.0950245,0.0044717515,-0.055685434,9.9815006e-05,4.8475376e-05,0.00017206309
6.2342,-4.44089209850063e-16,1.5,1.0951855,0.0044427858,-0.055506721,9.8446868e-05,4.8051774e-05,0.00017038057
6.2583,0,1.5,1.0953447,0.0044131243,-0.055328233,9.7063166e-05,4.7574068e-05,0.00016854162
6.2823,-4.44089209850063e-16,1.5,1.0955011,0.0043830799,-0.05515131,9.5699633e-05,4.7049295e-05,0.00016658705
6.3063,4.44089209850063e-16,1.5,1.0956555,0.0043526224,-0.05497512,9.4375783e-05,4.6484696e-05,0.00016459127
6.3303,0,1.5,1.0958081,0.0043218653,-0.054799626,9.3110676e-05,4.589278e-05,0.00016266245
6.3544,-4.44089209850063e-16,1.5,1.0959596,0.004290809,-0.05462411,9.190534e-05,4.5283678e-05,0.00016089237
6.3784,0,1.5,1.0961091,0.004259849,-0.054450078,9.0757413e-05,4.4672108e-05,0.00015935014
6.4024,-4.44089209850063e-16,1.5,1.0962573,0.0042289901,-0.054276875,8.9629788e-05,4.4059541e-05,0.00015801166
6.4264,-4.44089209850063e-16,1.5,1.0964043,0.0041983487,-0.054104573,8.8474699e-05,4.344292e-05,0.00015678016
6.4505,0,1.5,1.0965508,0.0041678802,-0.053932505,8.7233926e-05,4.2809882e-05,0.00015548658
6.4745,0,1.5,1.0966959,0.0041378629,-0.053762076,8.5879029e-05,4.2152106e-05,0.00015395611
6.4985,0,1.5,1.0968402,0.0041081142,-0.053592429,8.441025e-05,4.145543e-05,0.0001520612
6.5225,0,1.5,1.0969838,0.0040784692,-0.053423254,8.2917834e-05,4.0719599e-05,0.00014987184
6.5465,0,1.5,1.0971272,0.0040488415,-0.053254602,8.168106e-05,4.0065562e-05,0.00014843431
6.5706,8.88178419700125e-16,1.5,1.0972708,0.0040194972,-0.053087164,8.0472735e-05,3.9465624e-05,0.00014731758
6.5946,0,1.5,1.0974137,0.0039903694,-0.052921571,7.9100054e-05,3.8766618e-05,0.00014538643
6.6186,0,1.5,1.0975564,0.0039612794,-0.052756947,7.7671971e-05,3.8049849e-05,0.00014324505
6.6426,8.88178419700125e-16,1.5,1.0976991,0.0039322075,-0.052593166,7.6255787e-05,3.7353855e-05,0.00014117199
6.6667,0,1.5,1.0978426,0.0039030421,-0.052429482,7.4880627e-05,3.6686766e-05,0.00013923718
6.6907,4.44089209850063e-16,1.5,1.0979858,0.0038740529,-0.052267242,7.3571058e-05,3.6050186e-05,0.00013742806
6.7147,0,1.5,1.0981295,0.0038451536,-0.052105805,7.2321537e-05,3.543191e-05,0.00013566877
6.7387,0,1.5,1.0982739,0.0038163748,-0.051945251,7.1126183e-05,3.482321e-05,0.00013389617
6.7628,4.44089209850063e-16,1.5,1.0984196,0.0037876128,-0.05178503,6.9973035e-05,3.4216894e-05,0.00013206712
6.7868,0,1.5,1.0985657,0.003759097,-0.051626605,6.8866091e-05,3.3618568e-05,0.00013019649
6.8108,-4.44089209850063e-16,1.5,1.0987128,0.0037306672,-0.051469446,6.779826e-05,3.3031084e-05,0.00012830686
6.8348,-4.44089209850063e-16,1.5,1.0988609,0.0037022475,-0.051313688,6.6771007e-05,3.2462969e-05,0.00012644577
6.8589,-4.44089209850063e-16,1.5,1.0990108,0.0036736079,-0.051158817,6.5784773e-05,3.1921432e-05,0.0001246539
6.8829,0,1.5,1.099161,0.0036448448,-0.051006224,6.4853583e-05,3.1418769e-05,0.00012297703
6.9069,0,1.5,1.0993124,0.0036156803,-0.050855358,6.3978213e-05,3.0956709e-05,0.00012140743
6.9309,-4.44089209850063e-16,1.5,1.0994646,0.0035859536,-0.050706304,6.3160081e-05,3.0534303e-05,0.00011990784
6.955,0,1.5,1.0996183,0.0035553994,-0.050558549,6.2391023e-05,3.0144139e-05,0.00011840262
6.979,0,1.5,1.0997721,0.0035241913,-0.050413442,6.166281e-05,2.9780619e-05,0.00011682326
7.003,0,1.5,1.0999263,0.0034922238,-0.050270559,6.0945252e-05,2.9434618e-05,0.00011511124
7.027,0,1.5,1.1000808,0.003459669,-0.050130198,6.0196674e-05,2.9107257e-05,0.00011330565
7.0511,0,1.5,1.1002359,0.003426778,-0.04999226,5.9354935e-05,2.8817706e-05,0.00011162088
7.0751,0,1.5,1.1003907,0.0033923935,-0.049856852,5.8755249e-05,2.8675262e-05,0.00011030667
7.0991,0,1.5,1.1005448,0.0033570634,-0.049723998,5.8153913e-05,2.8533915e-05,0.00010873373
7.1231,0,1.5,1.1006982,0.0033209399,-0.04959359,5.7533242e-05,2.8432487e-05,0.00010711014
7.1471,0,1.5,1.1008507,0.0032840738,-0.049465568,5.6899817e-05,2.8388726e-05,0.00010553921
7.1712,0,1.5,1.101003,0.0032462751,-0.049339374,5.6266559e-05,2.8408349e-05,0.00010404895
7.1952,0,1.5,1.1011537,0.0032077553,-0.049216009,5.5654409e-05,2.849171e-05,0.00010264597
7.2192,8.88178419700125e-16,1.5,1.1013032,0.0031682025,-0.049094878,5.507125e-05,2.8639283e-05,0.00010130024
7.2432,0,1.5,1.1014514,0.0031274216,-0.048975889,5.4520298e-05,2.8854624e-05,9.998523e-05
7.2673,4.44089209850063e-16,1.5,1.1015987,0.0030850178,-0.048858441,5.3995454e-05,2.914707e-05,9.8675177e-05
7.2913,0,1.5,1.1017438,0.0030411243,-0.048743378,5.3491711e-05,2.9526611e-05,9.7371122e-05
7.3153,-4.44089209850063e-16,1.5,1.1018871,0.0029953658,-0.048630067,5.2995059e-05,3.0010074e-05,9.6068778e-05
7.3393,4.44089209850063e-16,1.5,1.1020284,0.002947572,-0.048518374,5.2494615e-05,3.0614902e-05,9.4777828e-05
7.3634,0,1.5,1.1021682,0.0028974073,-0.048407725,5.1981372e-05,3.1361461e-05,9.3507007e-05
7.3874,0,1.5,1.1023052,0.0028452253,-0.048298947,5.1459072e-05,3.2257826e-05,9.2279973e-05
7.4114,0,1.5,1.1024399,0.0027908303,-0.048191519,5.0932246e-05,3.331623e-05,9.1098578e-05
7.4354,-4.44089209850063e-16,1.5,1.1025721,0.0027343065,-0.04808541,5.0413367e-05,3.4539822e-05,8.99603e-05
7.4595,0,1.5,1.1027024,0.0026755688,-0.047980183,4.9914683e-05,3.593087e-05,8.884659e-05
7.4835,0,1.5,1.1028297,0.0026153432,-0.047876707,4.9448939e-05,3.7467434e-05,8.7742601e-05
7.5075,0,1.5,1.1029547,0.0025536938,-0.047774518,4.9005403e-05,3.9139985e-05,8.661516e-05
7.5315,0,1.5,1.1030773,0.0024909758,-0.047673522,4.8542174e-05,4.0932627e-05,8.5441922e-05
7.5556,0,1.5,1.1031983,0.0024273078,-0.047573085,4.7959755e-05,4.2842433e-05,8.4218328e-05
7.5796,0,1.5,1.1033159,0.0023590472,-0.047473791,4.7273651e-05,4.513217e-05,8.3090941e-05
7.6036,0,1.5,1.1034306,0.0022896311,-0.047376489,4.6841672e-05,4.7522941e-05,8.1934719e-05
7.6276,0,1.5,1.1035429,0.0022209312,-0.047280818,4.6496009e-05,4.9889196e-05,8.0712125e-05
7.6517,0,1.5,1.103653,0.00215155,-0.047185682,4.6126212e-05,5.232147e-05,7.9443946e-05
7.6757,0,1.5,1.1037598,0.0020810021,-0.04709119,4.5698152e-05,5.4882203e-05,7.8157308e-05
7.6997,0,1.5,1.1038633,0.0020080814,-0.046996325,4.5214216e-05,5.7656887e-05,7.6859933e-05
7.7237,0,1.5,1.1039633,0.0019320797,-0.046900548,4.469628e-05,6.070606e-05,7.5564893e-05
7.7477,0,1.5,1.1040595,0.0018525582,-0.046803419,4.4168556e-05,6.4068087e-05,7.4287379e-05
7.7718,0,1.5,1.104152,0.0017690308,-0.046704192,4.3645774e-05,6.7769781e-05,7.3040089e-05
7.7958,-4.44089209850063e-16,1.5,1.1042402,0.0016823802,-0.046603472,4.3137207e-05,7.1760408e-05,7.1853077e-05
7.8198,0,1.5,1.1043245,0.0015927613,-0.04650074,4.2633139e-05,7.6003755e-05,7.074098e-05
7.8438,0,1.5,1.1044052,0.0015009259,-0.046395981,4.2116297e-05,8.0421274e-05,6.9721818e-05
7.8679,0,1.5,1.1044829,0.001407411,-0.046288808,4.1562076e-05,8.4932764e-05,6.8805788e-05
7.8919,0,1.5,1.1045576,0.0013139745,-0.046180213,4.0953906e-05,8.9392996e-05,6.8007704e-05
7.9159,0,1.5,1.1046301,0.0012210934,-0.046069872,4.0275856e-05,9.3721818e-05,6.7322244e-05
7.9399,0,1.5,1.1047009,0.001129302,-0.04595786,3.9527073e-05,9.7851923e-05,6.6738464e-05
7.964,0,1.5,1.1047708,0.0010381636,-0.045843686,3.8719934e-05,0.00010179265,6.6233645e-05
7.988,0,1.5,1.1048397,0.00094745429,-0.045728124,3.7894845e-05,0.00010560195,6.5782481e-05
8.012,0,1.5,1.1049081,0.00085452008,-0.045610305,3.709737e-05,0.00010952759,6.5347548e-05
8.036,0,1.5,1.1049758,0.00075534898,-0.045489519,3.6384313e-05,0.00011399274,6.4892733e-05
8.0601,0,1.5,1.1050429,0.00064317916,-0.045364122,3.5805619e-05,0.00011970046,6.438587e-05
8.0841,0,1.5,1.1051075,0.0005268179,-0.045239237,3.5326986e-05,0.00012544157,6.3737468e-05
8.1081,0,1.5,1.1051712,0.00042393712,-0.045120724,3.480979e-05,0.00013035692,6.3479394e-05
8.1321,0,1.5,1.1052332,0.00030262868,-0.044997691,3.45137e-05,0.00013757672,6.3275374e-05
8.1562,0,1.5,1.1052909,0.00017085412,-0.044872563,3.4556813e-05,0.00014519537,6.2717362e-05
8.1802,0,1.5,1.1053427,3.698232e-05,-0.044748696,3.5001644e-05,0.00015239281,6.1896395e-05
8.2042,0,1.5,1.1053888,-9.39334e-05,-0.044627112,3.5863322e-05,0.00015904773,6.1060266e-05
8.2282,0,1.5,1.10543,-0.00021821765,-0.044508486,3.7120295e-05,0.00016522331,6.0420028e-05
8.2523,0,1.5,1.1054673,-0.00033468527,-0.044392105,3.8732463e-05,0.00017100618,6.0050932e-05
8.2763,0,1.5,1.1055018,-0.00044274527,-0.044277788,4.0625857e-05,0.00017633522,5.9883078e-05
8.3003,0,1.5,1.1055345,-0.00054519122,-0.044163054,4.2747458e-05,0.00018117974,5.9739932e-05
8.3243,0,1.5,1.1055662,-0.00064603506,-0.044045166,4.5054919e-05,0.00018555831,5.9432083e-05
8.3483,0,1.5,1.1055971,-0.00075073979,-0.043920815,4.7538668e-05,0.00018973385,5.8859205e-05
8.3724,0,1.5,1.1056271,-0.00086640456,-0.04378575,5.0250371e-05,0.00019443142,5.8107006e-05
8.3964,0,1.5,1.105655,-0.00099943745,-0.043637348,5.3274231e-05,0.00020095401,5.7535913e-05
8.4204,0,1.5,1.1056796,-0.0011579888,-0.043471624,5.6810837e-05,0.00021145309,5.7787238e-05
8.4444,0,1.5,1.1056986,-0.0013496958,-0.043285815,6.1150094e-05,0.00022895902,5.9753795e-05
8.4685,0,1.5,1.1057096,-0.0015827845,-0.043077421,6.6724556e-05,0.00025756031,6.4470906e-05
8.4925,0,1.5,1.1057094,-0.0018616374,-0.042848298,7.4028128e-05,0.00030178568,7.2781469e-05
8.5165,0,1.5,1.1056946,-0.0021921914,-0.042600094,8.376602e-05,0.00036703776,8.5067597e-05
8.5405,0,1.5,1.1056617,-0.00257795,-0.0423383,9.6782747e-05,0.00045876369,0.00010065368
8.5646,0,1.5,1.1056068,-0.0030225671,-0.042071098,0.00011417687,0.00058250969,0.00011717185
8.5886,0,1.5,1.1055268,-0.0035220395,-0.041814683,0.0001370057,0.00074088018,0.00012936036
8.6126,0,1.5,1.1054504,-0.0040384692,-0.041533352,0.00016095515,0.00092017254,0.00014899333
8.6366,0,1.5,1.1053659,-0.0045608953,-0.041251076,0.00018548999,0.0010990953,0.00016673281
8.6607,0,1.5,1.105286,-0.0050839792,-0.040981553,0.00020810864,0.0012774263,0.00018313143
8.6847,0,1.5,1.1052229,-0.0055943663,-0.040734556,0.00022703537,0.0014491314,0.00019873144
8.7087,0,1.5,1.1051845,-0.0060854155,-0.040511859,0.00024173443,0.00160882,0.00021399298
8.7327,0,1.5,1.1051765,-0.0065490707,-0.040312841,0.00025227816,0.0017503382,0.00022917106
8.7568,0,1.5,1.105202,-0.0069802011,-0.040133545,0.00025924615,0.0018690242,0.00024453023
8.7808,0,1.5,1.1052606,-0.0073698992,-0.039970394,0.00026342195,0.0019604794,0.00026011505
8.8048,0,1.5,1.1053501,-0.0077164288,-0.039816497,0.00026578083,0.0020238196,0.00027611898
8.8288,0,1.5,1.105466,-0.0080179601,-0.039665327,0.00026721126,0.0020595627,0.00029259629
8.8529,0,1.5,1.1056024,-0.0082753692,-0.039509835,0.00026843769,0.0020699141,0.00030955603
8.8769,0,1.5,1.1057504,-0.0084880237,-0.039345509,0.00026991973,0.0020582882,0.00032664789
8.9009,0,1.5,1.1059019,-0.0086599663,-0.039166925,0.00027184096,0.0020290311,0.00034358175
8.9249,0,1.5,1.1060478,-0.0087951729,-0.038970575,0.00027409891,0.0019866161,0.00035988581
8.9489,0,1.5,1.1061791,-0.0088983713,-0.038754461,0.00027636966,0.0019352366,0.00037507309
8.973,0,1.5,1.1062881,-0.0089749233,-0.038517204,0.00027822963,0.0018781673,0.00038886717
8.997,0,1.5,1.1063673,-0.0090292474,-0.038262138,0.0002793027,0.0018185125,0.00040124324
9.021,0,1.5,1.106413,-0.0090662498,-0.037991386,0.00027955088,0.0017577909,0.00041314145
9.045,0,1.5,1.1064237,-0.0090895142,-0.037709634,0.00027955059,0.0016972055,0.00042672322
9.0691,0,1.5,1.106402,-0.0091012486,-0.037421844,0.00028089899,0.0016378826,0.00044616392
9.0931,0,1.5,1.1063552,-0.0091016974,-0.037137838,0.00028665755,0.001583009,0.0004781066
9.1171,0,1.5,1.1062935,-0.009125725,-0.03685623,0.00029333155,0.0015415364,0.00050668464
9.1411,0,1.5,1.106222,-0.0091593497,-0.036606688,0.00030068213,0.0015014544,0.00053182742
9.1652,0,1.5,1.1061656,-0.0091903793,-0.036384526,0.00031192829,0.0014616328,0.00056598448
9.1892,0,1.5,1.1061461,-0.0092292993,-0.036178816,0.00032523715,0.0014268358,0.00060715223
9.2132,0,1.5,1.1061778,-0.0092843951,-0.035980294,0.00033875884,0.0013999785,0.00065339125
9.2372,0,1.5,1.1062698,-0.0093614705,-0.035784543,0.00035092595,0.0013829104,0.00070242459
9.2613,0,1.5,1.106427,-0.009464601,-0.035589689,0.00036080404,0.0013763754,0.00075209426
9.2853,0,1.5,1.1066479,-0.0095944273,-0.035399111,0.00036804512,0.0013802362,0.00079965377
9.3093,0,1.5,1.1069293,-0.0097508186,-0.035216065,0.00037310415,0.0013934975,0.00084313058
9.3333,0,1.5,1.107265,-0.0099313893,-0.03504642,0.00037692641,0.0014146563,0.00088059248
9.3574,0,1.5,1.107648,-0.010132871,-0.034896782,0.0003808042,0.0014419745,0.00091055051
9.3814,0,1.5,1.1080654,-0.01034784,-0.034776402,0.00038606572,0.0014731944,0.00093157085
9.4054,0,1.5,1.108508,-0.010569984,-0.03469291,0.00039390783,0.0015064123,0.00094309206
9.4294,0,1.5,1.1089652,-0.010791102,-0.034654426,0.00040510918,0.0015398001,0.00094493848
9.4535,0,1.5,1.1094286,-0.011003103,-0.034668583,0.00041994223,0.0015719649,0.00093744618
9.4775,0,1.5,1.1098851,-0.011194989,-0.034741575,0.00043782849,0.00160151,0.00092164594
9.5015,0,1.5,1.1103286,-0.011358759,-0.034877972,0.00045775179,0.001627885,0.00089907106
9.5255,0,1.5,1.1107532,-0.011486508,-0.035080236,0.00047822273,0.0016508241,0.00087182791
9.5495,0,1.5,1.1111549,-0.011572174,-0.035348156,0.00049771632,0.0016704043,0.00084254628
9.5736,0,1.5,1.1115341,-0.011612617,-0.035679822,0.000515344,0.001686955,0.00081421081
9.5976,0,1.5,1.1118888,-0.011608323,-0.036065317,0.00053143039,0.0017005607,0.00079055085
9.6216,0,1.5,1.1122264,-0.011559447,-0.03649775,0.00054610238,0.0017225964,0.00077610168
9.6456,0,1.5,1.1125448,-0.0114588,-0.03693903,0.00055336132,0.0017656605,0.00075444493
9.6697,0,1.5,1.1128358,-0.011334559,-0.037363205,0.0005582977,0.0017985867,0.00071877377
9.6937,0,1.5,1.1130988,-0.011199367,-0.037769441,0.00055987634,0.0018261845,0.00067739464
9.7177,0,1.5,1.1133377,-0.01106051,-0.038161194,0.00055789891,0.0018507595,0.00063565831
9.7417,0,1.5,1.113556,-0.010922771,-0.038539256,0.00055268777,0.001872767,0.00059709212
9.7658,0,1.5,1.1137583,-0.010788098,-0.038905202,0.00054488778,0.00189193,0.00056361765
9.7898,0,1.5,1.1139469,-0.010658416,-0.039255537,0.00053544758,0.0019075497,0.00053647764
9.8138,0,1.5,1.1141265,-0.01053277,-0.039590987,0.00052528706,0.0019193687,0.00051572271
9.8378,0,1.5,1.1143007,-0.010409993,-0.039910531,0.00051531439,0.0019274227,0.00050105739
9.8619,0,1.5,1.1144733,-0.010287962,-0.040214332,0.00050628386,0.00193217,0.00049186517
9.8859,0,1.5,1.1146454,-0.010165888,-0.040498906,0.00049888645,0.0019343408,0.00048748871
9.9099,0,1.5,1.1148198,-0.010041493,-0.040764818,0.00049348994,0.0019348874,0.00048711077
9.9339,0,1.5,1.1149979,-0.0099131915,-0.041011656,0.00049028855,0.0019346947,0.00048999054
9.958,0,1.5,1.1151813,-0.0097791313,-0.041240301,0.00048927755,0.0019344107,0.00049547105
9.982,0,1.5,1.1153685,-0.0096395331,-0.041449238,0.0004902964,0.0019342973,0.00050287735
10.006,0,1.5,1.1155599,-0.0094934256,-0.041640226,0.0004930614,0.0019341529,0.00051163375
10.03,0,1.5,1.115755,-0.009340902,-0.041814353,0.00049726762,0.0019333732,0.00052113955
10.054,0,1.5,1.1159525,-0.0091826324,-0.041972903,0.00050267559,0.0019311671,0.0005307344
10.078,0,1.5,1.1161513,-0.0090199288,-0.042117164,0.00050922476,0.001926976,0.00053963974
10.102,0,1.5,1.1163501,-0.0088548285,-0.042248175,0.00051716419,0.0019211363,0.00054689997
10.126,0,1.5,1.1165481,-0.008690204,-0.042366401,0.00052719966,0.0019158236,0.00055132915
10.15,0,1.5,1.1167474,-0.0085248566,-0.042485683,0.00053733914,0.001912801,0.0005650709
10.174,0,1.5,1.1169411,-0.008355935,-0.042589321,0.0005432504,0.0019042174,0.00057213289
10.198,0,1.5,1.1171307,-0.0081838142,-0.042678544,0.00054745878,0.0018926728,0.00057581508
10.222,0,1.5,1.1173179,-0.0080089827,-0.042755922,0.00055148763,0.0018798657,0.00057852889
10.246,0,1.5,1.1175038,-0.0078320402,-0.042823642,0.00055608762,0.0018665964,0.00058107948
10.27,0,1.5,1.1176893,-0.0076536382,-0.042883515,0.00056154079,0.0018531138,0.00058344013
10.294,0,1.5,1.1178752,-0.0074744383,-0.04293699,0.00056788669,0.0018393786,0.00058528845
10.318,0,1.5,1.1180617,-0.0072950832,-0.042985181,0.00057508003,0.0018252535,0.00058634008
10.342,0,1.5,1.118249,-0.0071161785,-0.043028897,0.00058308987,0.0018106276,0.00058651543
10.366,0,1.5,1.1184368,-0.006938282,-0.043068682,0.00059195,0.0017954864,0.00058597544
10.39,0,1.5,1.1186249,-0.0067618979,-0.043104861,0.00060177043,0.0017799354,0.00058506169
10.414,0,1.5,1.118813,-0.0065874736,-0.043137587,0.00061271963,0.0017641871,0.00058417699
10.438,0,1.5,1.1190003,-0.0064153954,-0.043166892,0.00062498743,0.0017485203,0.00058364169
10.462,0,1.5,1.1191864,-0.0062459808,-0.043192736,0.00063873827,0.0017332214,0.00058356182
10.486,0,1.5,1.1193706,-0.0060794642,-0.043215059,0.0006540647,0.0017185175,0.0005837445
10.511,0,1.5,1.1195599,-0.0059092279,-0.043234536,0.00067168664,0.0017039395,0.00058367952
10.535,0,1.5,1.1197386,-0.005748874,-0.043249654,0.00069004568,0.0016905623,0.00058267136
10.559,0,1.5,1.1199141,-0.0055913162,-0.043261424,0.00070955747,0.0016774723,0.00058015094
10.583,0,1.5,1.1200863,-0.0054360794,-0.043270153,0.00072990752,0.0016641217,0.00057611633
10.607,0,1.5,1.1202554,-0.005282338,-0.04327632,0.00075082781,0.0016497607,0.00057183744
10.631,0,1.5,1.120422,-0.0051288036,-0.04328059,0.0007722596,0.0016335138,0.00057081687
10.655,0,1.5,1.1205799,-0.0049790152,-0.043282909,0.00079662766,0.0016199934,0.00057123274
10.679,0,1.5,1.1207346,-0.0048358765,-0.043286165,0.00082092235,0.0016063565,0.00056615534
10.703,0,1.5,1.1208899,-0.0046961147,-0.043289745,0.00084444661,0.0015909806,0.00056015482
10.727,0,1.5,1.121043,-0.0045589467,-0.043291938,0.00086798079,0.0015755245,0.00055436333
10.751,0,1.5,1.1211915,-0.004423778,-0.043291462,0.00089157168,0.001560654,0.00054910925
10.775,0,1.5,1.1213331,-0.0042901762,-0.043287393,0.00091483895,0.0015464449,0.00054429586
10.799,0,1.5,1.1214657,-0.0041578449,-0.043279114,0.0009372091,0.0015326841,0.00053966776
10.823,0,1.5,1.1215879,-0.0040265989,-0.043266253,0.00095808485,0.0015190817,0.00053498137
10.847,0,1.5,1.1216984,-0.0038963401,-0.043248629,0.00097695776,0.0015054054,0.00053009595
10.871,0,1.5,1.1217965,-0.0037670355,-0.0432262,0.00099347188,0.0014915506,0.00052500132
10.895,0,1.5,1.1218819,-0.0036386975,-0.043199018,0.0010074464,0.0014775582,0.00051979869
10.919,0,1.5,1.1219547,-0.0035113659,-0.043167178,0.0010188649,0.0014635919,0.00051465102
10.943,0,1.5,1.1220152,-0.003385093,-0.043130787,0.0010278394,0.0014498887,0.000509719
10.967,0,1.5,1.1220643,-0.0032599316,-0.043089921,0.0010345566,0.001436693,0.00050509926
10.991,0,1.5,1.1221029,-0.003135927,-0.043044603,0.0010392148,0.001424189,0.00050078094
11.015,0,1.5,1.1221321,-0.0030131114,-0.042994773,0.0010419582,0.0014124416,0.00049663705
11.039,0,1.5,1.1221529,-0.002891504,-0.042940278,0.0010428181,0.0014013598,0.00049246692
11.063,0,1.5,1.1221666,-0.0027711141,-0.042880855,0.0010416671,0.0013906935,0.00048810606
11.087,0,1.5,1.1221739,-0.0026519502,-0.042816135,0.0010381954,0.0013800776,0.00048361983
11.111,0,1.5,1.1221755,-0.0025340333,-0.042745642,0.0010319162,0.0013691346,0.00047959709
11.135,0,1.5,1.1221716,-0.0024174161,-0.042668813,0.0010222091,0.0013576485,0.00047756043
11.159,0,1.5,1.1221639,-0.0023031873,-0.042586217,0.0010134032,0.0013470028,0.00047925084
11.183,0,1.5,1.1221586,-0.0021932657,-0.042503929,0.0010098634,0.0013395007,0.00047615502
11.207,0,1.5,1.12215,-0.0020840724,-0.04241999,0.00099592544,0.001331008,0.00047114833
11.231,0,1.5,1.1221397,-0.0019761842,-0.04233487,0.00097846857,0.0013224769,0.00046671575
11.255,0,1.5,1.122129,-0.001870065,-0.042249077,0.00096074632,0.0013144785,0.00046365454
11.279,0,1.5,1.1221187,-0.0017660918,-0.042163144,0.00094380479,0.0013072962,0.00046181166
11.303,0,1.5,1.1221091,-0.0016645721,-0.042077618,0.00092753246,0.0013010093,0.00046062367
11.327,8.88178419700125e-16,1.5,1.1221002,-0.0015657563,-0.04199304,0.00091138933,0.0012955667,0.00045948473
11.351,8.88178419700125e-16,1.5,1.1220915,-0.0014698445,-0.041909937,0.0008948635,0.0012908504,0.00045796773
11.375,0,1.5,1.1220823,-0.0013769903,-0.041828801,0.00087770307,0.0012867266,0.00045592418
11.399,-8.88178419700125e-16,1.5,1.1220715,-0.0012873017,-0.041750083,0.00085997156,0.0012830853,0.00045348801
11.423,-8.88178419700125e-16,1.5,1.122058,-0.0012008403,-0.04167417,0.00084197465,0.0012798669,0.00045100867
11.447,8.88178419700125e-16,1.5,1.1220404,-0.0011176206,-0.041601376,0.00082410653,0.0012770744,0.00044893894
11.471,8.88178419700125e-16,1.5,1.1220175,-0.0010376103,-0.041531925,0.00080666359,0.0012747729,0.00044770268
11.495,0,1.5,1.121988,-0.00096073213,-0.041465936,0.00078967368,0.0012730721,0.00044756794
11.52,8.88178419700125e-16,1.5,1.1219491,-0.00088385481,-0.041400872,0.00077207809,0.001272071,0.00044861289
11.544,8.88178419700125e-16,1.5,1.121903,-0.00081297564,-0.041341794,0.00075453372,0.001271937,0.00045046206
11.568,0,1.5,1.1218477,-0.0007447948,-0.041285728,0.00073540951,0.0012725923,0.00045259967
11.592,0,1.5,1.1217828,-0.00067915646,-0.041232208,0.00071396069,0.0012738245,0.00045439604
11.616,-8.88178419700125e-16,1.5,1.1217083,-0.00061594128,-0.04118058,0.00069026566,0.0012751276,0.00045541312
11.64,-8.88178419700125e-16,1.5,1.1216245,-0.00055510476,-0.041129989,0.00066617028,0.0012755791,0.00045584881
11.664,8.88178419700125e-16,1.5,1.1215319,-0.0004967256,-0.041079356,0.00064658585,0.0012736969,0.00045716524
11.688,8.88178419700125e-16,1.5,1.1214345,-0.00044091891,-0.041034643,0.00062492812,0.0012775088,0.00046979574
11.712,0,1.5,1.1213305,-0.00038638339,-0.040987871,0.00059654701,0.0012790653,0.00047080247
11.736,0,1.5,1.1212221,-0.00033329305,-0.040937972,0.00056664096,0.0012792784,0.00046649131
11.76,-8.88178419700125e-16,1.5,1.1211118,-0.00028168525,-0.04088512,0.00053783078,0.0012793528,0.00046139371
11.784,-8.88178419700125e-16,1.5,1.1210021,-0.00023146177,-0.040829664,0.0005113191,0.0012798084,0.00045731451
11.808,8.88178419700125e-16,1.5,1.1208952,-0.00018246159,-0.040772041,0.00048747845,0.0012807273,0.00045447519
11.832,8.88178419700125e-16,1.5,1.1207929,-0.00013451511,-0.040712702,0.00046627631,0.0012819509,0.00045235421
11.856,0,1.5,1.1206968,-8.7482209e-05,-0.040652065,0.00044755954,0.001283231,0.00045026343
11.88,0,1.5,1.120608,-4.1276326e-05,-0.040590471,0.00043122049,0.0012843394,0.0004476993
11.904,-8.88178419700125e-16,1.5,1.1205275,4.1233112e-06,-0.040528168,0.0004172675,0.0012851378,0.00044450772
11.928,-8.88178419700125e-16,1.5,1.120456,4.8668917e-05,-0.0404653,0.00040582194,0.0012856135,0.0004409013
11.952,8.88178419700125e-16,1.5,1.1203938,9.2248708e-05,-0.040401915,0.00039706449,0.0012858837,0.000437368
11.976,8.88178419700125e-16,1.5,1.1203411,0.00013469653,-0.040337983,0.00039115289,0.0012861725,0.0004345098
12,0,1.5,1.1202977,0.00017580429,-0.040273422,0.00038813377,0.0012867631,0.0004328503
12.024,-8.88178419700125e-16,1.5,1.1202635,0.00021533505,-0.040208141,0.00038787091,0.0012879311,0.00043265017
12.048,-8.88178419700125e-16,1.5,1.1202382,0.0002530344,-0.040142085,0.00039001235,0.0012898599,0.00043376901
12.072,8.88178419700125e-16,1.5,1.1202213,0.00028863806,-0.040075294,0.00039401892,0.0012925439,0.00043561276
12.096,8.88178419700125e-16,1.5,1.1202121,0.0003218733,-0.040007962,0.00039927648,0.0012956826,0.00043720523
12.12,0,1.5,1.1202102,0.00035245206,-0.039940509,0.00040531442,0.0012985683,0.00043742275
12.144,0,1.5,1.1202146,0.0003800535,-0.039873657,0.00041215279,0.0012999727,0.00043543059
12.168,-8.88178419700125e-16,1.5,1.1202245,0.0004042938,-0.0398085,0.00042080062,0.0012980351,0.00043136012
12.192,-8.88178419700125e-16,1.5,1.1202381,0.00042364198,-0.039743238,0.0004292142,0.0013004744,0.00043384205
12.216,8.88178419700125e-16,1.5,1.1202544,0.00043941116,-0.039676144,0.0004350861,0.001303614,0.00043594437
12.24,8.88178419700125e-16,1.5,1.120274,0.00045250079,-0.039610339,0.00044133211,0.0013025547,0.00043347261
12.264,0,1.5,1.1202974,0.00046242871,-0.039546602,0.00044784255,0.0013007286,0.00042967966
12.288,0,1.5,1.120325,0.0004688722,-0.039485406,0.00045439895,0.0012995958,0.00042616653
12.312,-8.88178419700125e-16,1.5,1.1203575,0.00047165576,-0.039427008,0.00046076036,0.0012994136,0.00042346912
12.336,-8.88178419700125e-16,1.5,1.1203958,0.00047073824,-0.039371535,0.00046672343,0.0012998204,0.00042151435
12.36,8.88178419700125e-16,1.5,1.1204407,0.00046619926,-0.039319044,0.00047215964,0.001300256,0.00041995955
12.384,8.88178419700125e-16,1.5,1.1204931,0.00045822466,-0.039269572,0.00047703305,0.0013002386,0.00041842864
12.408,0,1.5,1.1205539,0.00044709101,-0.03922317,0.00048140191,0.0012995204,0.00041665895
12.432,0,1.5,1.1206239,0.00043314874,-0.039179916,0.00048540743,0.001298141,0.00041457237
12.456,-8.88178419700125e-16,1.5,1.1207038,0.00041680407,-0.039139926,0.00048925324,0.0012964015,0.00041228452
12.48,-8.88178419700125e-16,1.5,1.1207941,0.00039849927,-0.039103344,0.00049317865,0.0012947779,0.00041006564
12.505,0,1.5,1.1208997,0.00037784012,-0.039069022,0.00049761691,0.0012937777,0.00040820648
12.529,-8.88178419700125e-16,1.5,1.1210121,0.00035694304,-0.039039838,0.00050244312,0.0012939284,0.0004072037
12.553,-8.88178419700125e-16,1.5,1.1211352,0.00033542249,-0.039014402,0.00050799996,0.0012953668,0.00040718764
12.577,8.88178419700125e-16,1.5,1.1212681,0.00031362927,-0.038992651,0.00051439612,0.0012979389,0.00040816118
12.601,8.88178419700125e-16,1.5,1.12141,0.00029182238,-0.038974344,0.00052166921,0.0013010752,0.00040984057
12.625,0,1.5,1.121559,0.00027013678,-0.038958988,0.0005297938,0.0013037905,0.0004116167
12.649,-8.88178419700125e-16,1.5,1.1217132,0.00024854868,-0.038945764,0.00053870719,0.0013047711,0.0004125648
12.673,-8.88178419700125e-16,1.5,1.1218695,0.00022683796,-0.03893344,0.00054835598,0.001302571,0.00041151612
12.697,8.88178419700125e-16,1.5,1.1220249,0.00020647176,-0.038919878,0.00055972163,0.0013003131,0.00041083641
12.721,8.88178419700125e-16,1.5,1.1221822,0.000191456,-0.038906695,0.00057331397,0.0013084893,0.00041853461
12.745,0,1.5,1.1223402,0.00017460948,-0.038895091,0.0005853154,0.0013110544,0.00042136998
12.769,0,1.5,1.1224962,0.00015812306,-0.038881007,0.00059718035,0.0013112984,0.0004226151
12.793,-8.88178419700125e-16,1.5,1.1226481,0.00014378461,-0.038860996,0.0006094285,0.0013108726,0.00042416074
12.817,-8.88178419700125e-16,1.5,1.1227943,0.0001329537,-0.038832283,0.00062199872,0.001310378,0.00042691342
12.841,8.88178419700125e-16,1.5,1.1229335,0.00012656706,-0.038792786,0.00063452269,0.0013098206,0.00043112606
12.865,8.88178419700125e-16,1.5,1.1230648,0.00012516901,-0.038741082,0.00064652743,0.0013089476,0.00043666576
12.889,0,1.5,1.123187,0.00012896071,-0.038676367,0.00065757566,0.0013074797,0.00044322258
12.913,0,1.5,1.1232992,0.00013786233,-0.038598374,0.00066735293,0.001305252,0.00045046344
12.937,-8.88178419700125e-16,1.5,1.1234003,0.0001515822,-0.0385073,0.00067571075,0.0013022794,0.00045813502
12.961,-8.88178419700125e-16,1.5,1.123489,0.00016968698,-0.03840372,0.0006826744,0.0012987599,0.00046611981
12.985,8.88178419700125e-16,1.5,1.1235638,0.00019166678,-0.038288513,0.00068842482,0.0012950303,0.00047444909
13.009,8.88178419700125e-16,1.5,1.1236232,0.00021698944,-0.038162811,0.00069326324,0.0012914885,0.00048327707
13.033,0,1.5,1.1236657,0.00024513783,-0.038027968,0.00069756779,0.0012884967,0.00049282003
13.057,0,1.5,1.1236899,0.00027562426,-0.037885568,0.00070175104,0.0012862796,0.00050326444
13.081,-8.88178419700125e-16,1.5,1.1236944,0.00030797616,-0.03773748,0.00070622736,0.001284832,0.00051464821
13.105,-8.88178419700125e-16,1.5,1.1236785,0.00034168685,-0.037585964,0.00071139941,0.0012838499,0.00052671889
13.129,8.88178419700125e-16,1.5,1.1236422,0.00037612555,-0.03743385,0.00071767236,0.0012827,0.00053877296
13.153,8.88178419700125e-16,1.5,1.1235861,0.00041040069,-0.037284778,0.00072550526,0.0012804404,0.00054948002
13.177,0,1.5,1.1235126,0.00044317053,-0.037143528,0.00073550826,0.0012759085,0.00055669616
13.201,0,1.5,1.1234255,0.00047239503,-0.037016445,0.00074859492,0.0012678892,0.00055727019
13.225,-8.88178419700125e-16,1.5,1.1233189,0.0005081626,-0.036878787,0.0007719729,0.0012672093,0.0005718206
13.249,-8.88178419700125e-16,1.5,1.1232102,0.0005443284,-0.036739079,0.00079412137,0.0012627678,0.00057964789
13.273,8.88178419700125e-16,1.5,1.123112,0.00057866236,-0.036603868,0.00081347926,0.0012556636,0.00058258769
13.297,8.88178419700125e-16,1.5,1.1230306,0.0006121039,-0.036473698,0.00082958733,0.0012479221,0.00058471385
13.321,0,1.5,1.1229691,0.00064622052,-0.036348098,0.00084169282,0.0012402023,0.0005878704
13.345,0,1.5,1.1229278,0.00068287403,-0.03622585,0.00084916833,0.0012323135,0.00059262036
13.369,-8.88178419700125e-16,1.5,1.1229053,0.00072395799,-0.036105247,0.00085176492,0.0012236247,0.00059893707
13.393,-8.88178419700125e-16,1.5,1.1228986,0.00077119851,-0.035984329,0.00084972562,0.0012133754,0.00060667078
13.417,8.88178419700125e-16,1.5,1.1229035,0.00082601039,-0.035861092,0.0008437854,0.0012008995,0.00061582302
13.441,8.88178419700125e-16,1.5,1.1229156,0.00088940065,-0.035733688,0.00083508372,0.0011857688,0.00062666137
13.465,0,1.5,1.1229299,0.00096191163,-0.035600596,0.00082501575,0.0011678688,0.00063970724
13.489,0,1.5,1.1229418,0.0010435955,-0.035460768,0.00081504844,0.0011474147,0.00065562937
13.514,0,1.5,1.1229468,0.0011379574,-0.035307485,0.00080622056,0.0011239457,0.00067596969
13.538,0,1.5,1.1229406,0.0012364885,-0.035153303,0.00080031456,0.0011001011,0.00069953743
13.562,-8.88178419700125e-16,1.5,1.1229203,0.0013413933,-0.034993332,0.00079753588,0.0010758322,0.00072706415
13.586,-8.88178419700125e-16,1.5,1.1228838,0.0014508444,-0.034829509,0.00079798749,0.0010519779,0.0007579698
13.61,8.88178419700125e-16,1.5,1.1228299,0.0015625919,-0.034664645,0.00080131347,0.0010292268,0.00079101285
13.634,8.88178419700125e-16,1.5,1.1227584,0.0016739606,-0.034502432,0.00080685768,0.0010079793,0.00082430732
13.658,0,1.5,1.1226704,0.0017818208,-0.034347413,0.00081397093,0.00098821786,0.00085547494
13.682,0,1.5,1.1225681,0.0018825285,-0.034204935,0.0008224929,0.00096939521,0.00088196534
13.706,-8.88178419700125e-16,1.5,1.1224552,0.0019718237,-0.034081066,0.00083343494,0.0009503508,0.00090157653
13.73,-8.88178419700125e-16,1.5,1.1223301,0.0020491843,-0.03396744,0.00084924981,0.00093972153,0.00092562426
13.754,8.88178419700125e-16,1.5,1.1221962,0.002111892,-0.033868058,0.0008619371,0.00093413379,0.00093972656
13.778,8.88178419700125e-16,1.5,1.1220653,0.0021561195,-0.033794439,0.00087152062,0.00092731171,0.00093651321
13.802,0,1.5,1.1219416,0.0021828589,-0.033742406,0.00087946394,0.00092301343,0.00092373846
13.826,0,1.5,1.1218277,0.0021934214,-0.033707873,0.00088590696,0.00092319269,0.00090603519
13.85,-8.88178419700125e-16,1.5,1.1217243,0.0021894333,-0.033686874,0.00089042166,0.00092848772,0.00088602734
13.874,-8.88178419700125e-16,1.5,1.1216313,0.0021728176,-0.033675596,0.00089252775,0.00093864772,0.00086515617
13.898,8.88178419700125e-16,1.5,1.1215475,0.0021457613,-0.033670412,0.00089200363,0.00095289623,0.00084425831
13.922,8.88178419700125e-16,1.5,1.1214708,0.0021106711,-0.033667919,0.00088902798,0.00097023101,0.00082393348
13.946,0,1.5,1.121399,0.0020701175,-0.033664968,0.00088418753,0.00098965973,0.00080473955
13.97,0,1.5,1.1213295,0.0020267678,-0.033658708,0.00087838621,0.001010371,0.00078725308
13.994,-8.88178419700125e-16,1.5,1.1212596,0.0019833104,-0.033646621,0.00087269127,0.0010318403,0.00077203297
14.018,-8.88178419700125e-16,1.5,1.1211867,0.0019423702,-0.033626563,0.00086815161,0.0010538698,0.0007595251
14.042,8.88178419700125e-16,1.5,1.1211083,0.0019064167,-0.033596811,0.00086562382,0.0010765621,0.00074994598
14.066,8.88178419700125e-16,1.5,1.1210221,0.0018776659,-0.033556103,0.00086564129,0.0011002269,0.00074318307
14.09,0,1.5,1.1209264,0.0018579757,-0.03350369,0.00086836181,0.0011252206,0.00073874969
14.114,0,1.5,1.1208192,0.0018487387,-0.033439384,0.00087362897,0.0011517172,0.00073583249
14.138,-8.88178419700125e-16,1.5,1.1206992,0.0018507695,-0.033363614,0.00088118293,0.0011794111,0.00073346913
14.162,-8.88178419700125e-16,1.5,1.120565,0.0018641912,-0.033277478,0.00089105576,0.0012071509,0.00073089416
14.186,8.88178419700125e-16,1.5,1.1204152,0.0018883196,-0.033182808,0.0009041869,0.0012325033,0.00072809099
14.21,8.88178419700125e-16,1.5,1.1202481,0.001921547,-0.033082228,0.00092329405,0.0012512465,0.00072658765
14.234,0,1.5,1.1200625,0.0019606746,-0.032980932,0.00095251127,0.0012629455,0.00072808188
14.258,0,1.5,1.1198671,0.0020011251,-0.032885396,0.00097938727,0.0012972254,0.00072175658
14.282,-8.88178419700125e-16,1.5,1.1196553,0.0020464241,-0.032783757,0.0010114671,0.0013197667,0.0007194921
14.306,8.88178419700125e-16,1.5,1.1194199,0.0020960809,-0.032678997,0.0010533643,0.0013354533,0.00071957616
14.33,8.88178419700125e-16,1.5,1.1191564,0.0021498222,-0.032572418,0.0011073572,0.0013480328,0.00072181808
14.354,0,1.5,1.1188638,0.0022075921,-0.032463968,0.0011740915,0.0013600679,0.00072671266
14.378,0,1.5,1.1185435,0.0022695341,-0.032352522,0.0012530946,0.0013730327,0.00073488876
14.402,0,1.5,1.1181991,0.0023359563,-0.032236144,0.001343132,0.0013875162,0.00074679559
14.426,-8.88178419700125e-16,1.5,1.1178362,0.0024072834,-0.032112323,0.0014424355,0.0014034979,0.00076257955
14.45,8.88178419700125e-16,1.5,1.1174617,0.0024839972,-0.0319782,0.0015488334,0.0014206557,0.0007821047
14.474,8.88178419700125e-16,1.5,1.1170836,0.0025665685,-0.031830795,0.0016598142,0.0014386719,0.00080506974
14.498,0,1.5,1.1167103,0.0026553833,-0.03166723,0.0017725511,0.0014574989,0.00083117445
14.523,8.88178419700125e-16,1.5,1.1163358,0.0027547758,-0.031476944,0.0018884819,0.0014784205,0.00086156828
14.547,8.88178419700125e-16,1.5,1.1159988,0.0028567689,-0.031273181,0.0019948297,0.0015007493,0.00089399693
14.571,0,1.5,1.1156914,0.0029648502,-0.031047746,0.0020927387,0.0015267032,0.00093011705
14.595,0,1.5,1.1154202,0.0030782714,-0.030800877,0.0021786869,0.0015578683,0.0009706453
14.619,0,1.5,1.1151903,0.0031958221,-0.030534411,0.0022494714,0.0015955036,0.0010162108
14.643,0,1.5,1.1150049,0.0033157718,-0.030252204,0.0023026489,0.0016397773,0.0010668202
14.667,8.88178419700125e-16,1.5,1.1148656,0.003435824,-0.029960609,0.0023371497,0.0016887011,0.0011210403
14.691,8.88178419700125e-16,1.5,1.1147714,0.003553084,-0.029669027,0.0023540983,0.0017367275,0.001174853
14.715,0,1.5,1.1147195,0.0036640438,-0.029390525,0.0023578677,0.001772972,0.001220133
14.739,0,1.5,1.1147044,0.0037645857,-0.029142545,0.0023573992,0.0017790238,0.0012427041
14.763,0,1.5,1.1147146,0.0038505171,-0.02890048,0.0023380493,0.001857711,0.0012842025
14.787,0,1.5,1.114757,0.003922923,-0.028686446,0.0022938848,0.0019098274,0.0013060754
14.811,8.88178419700125e-16,1.5,1.1148205,0.003984359,-0.028505439,0.0022349553,0.0019335946,0.0013141216
14.835,8.88178419700125e-16,1.5,1.1148949,0.0040382052,-0.028351509,0.0021667803,0.0019462451,0.0013192872
14.859,0,1.5,1.1149732,0.0040882543,-0.028217338,0.0020933664,0.0019561213,0.0013263281
14.883,0,1.5,1.115051,0.0041382464,-0.028094974,0.0020175463,0.0019660482,0.0013364353
14.907,0,1.5,1.1151259,0.0041915046,-0.02797647,0.001941273,0.0019758956,0.0013491339
14.931,1.77635683940025e-15,1.5,1.1151973,0.0042506625,-0.027854416,0.0018658723,0.0019844238,0.0013635545
14.955,8.88178419700125e-16,1.5,1.1152658,0.0043174777,-0.027722374,0.0017922535,0.0019905046,0.0013791734
14.979,0,1.5,1.1153325,0.0043927244,-0.027575225,0.0017210829,0.0019938102,0.001396121
15.003,0,1.5,1.1153989,0.0044761564,-0.027409428,0.0016529197,0.0019950616,0.0014151561
15.027,0,1.5,1.1154664,0.0045665359,-0.027223199,0.0015883181,0.0019959307,0.0014374035
15.051,0,1.5,1.1155358,0.0046617185,-0.027016615,0.0015278957,0.001998687,0.0014639525
15.075,1.77635683940025e-15,1.5,1.1156076,0.0047587893,-0.026791647,0.0014723723,0.002005682,0.0014954162
15.099,8.88178419700125e-16,1.5,1.1156812,0.0048542415,-0.02655213,0.0014225791,0.0020187637,0.0015315471
15.123,0,1.5,1.1157552,0.0049441918,-0.026303669,0.0013794411,0.0020387135,0.0015710085
15.147,0,1.5,1.1158275,0.0050246242,-0.0260535,0.0013439357,0.0020647985,0.0016113989
15.171,0,1.5,1.1158956,0.0050916563,-0.025810289,0.0013170264,0.0020945306,0.0016496283
15.195,0,1.5,1.1159565,0.0051418202,-0.025583901,0.0012995779,0.0021237262,0.0016827425
15.219,1.77635683940025e-15,1.5,1.1160078,0.005172351,-0.025385115,0.0012922503,0.0021469574,0.0017092961
15.243,8.88178419700125e-16,1.5,1.116048,0.0051814765,-0.025225325,0.0012953772,0.0021584889,0.0017313687
15.267,0,1.5,1.116079,0.0051646395,-0.025104609,0.0013089128,0.0021985025,0.0017697903
15.291,0,1.5,1.1160968,0.0051254616,-0.025025369,0.0013300188,0.0022513099,0.0017906965
15.315,0,1.5,1.116105,0.0050817416,-0.024993911,0.0013557613,0.002273124,0.0017875271
15.339,0,1.5,1.1161105,0.0050435189,-0.02500085,0.0013834213,0.002281979,0.0017793504
15.363,1.77635683940025e-15,1.5,1.116117,0.0050174215,-0.025037599,0.0014102382,0.0022873229,0.0017745646
15.387,-8.88178419700125e-16,1.5,1.1161259,0.0050072223,-0.025096446,0.001433835,0.0022930013,0.0017752572
15.411,0,1.5,1.1161369,0.0050143605,-0.02517063,0.0014524848,0.002299568,0.0017803867
15.435,0,1.5,1.1161484,0.0050384276,-0.025254379,0.0014652421,0.0023059988,0.0017879448
15.459,0,1.5,1.1161581,0.0050776178,-0.025342938,0.0014719579,0.0023108801,0.0017962589
15.483,0,1.5,1.1161632,0.0051291406,-0.02543257,0.0014732048,0.0023131497,0.0018045952
15.508,0,1.5,1.1161605,0.0051922557,-0.025524132,0.0014699298,0.0023123722,0.0018135989
15.532,0,1.5,1.1161472,0.0052581138,-0.025608462,0.0014639818,0.0023090735,0.0018235391
15.556,0,1.5,1.1161209,0.0053254443,-0.025688393,0.0014570012,0.0023043547,0.0018358486
15.58,1.77635683940025e-15,1.5,1.1160797,0.0053909072,-0.025763819,0.0014506087,0.0022995744,0.001851128
15.604,0,1.5,1.1160224,0.0054516753,-0.025835279,0.0014461505,0.0022959853,0.0018689971
15.628,0,1.5,1.1159489,0.005505611,-0.025903804,0.0014445362,0.0022943392,0.0018878625
15.652,0,1.5,1.1158601,0.0055513997,-0.025970729,0.0014461402,0.002294566,0.0019051078
15.676,0,1.5,1.1157587,0.0055886423,-0.026037476,0.0014507892,0.0022956017,0.0019178673
15.7,0,1.5,1.1156492,0.0056179035,-0.026105308,0.0014578576,0.0022954377,0.0019245413
15.724,1.77635683940025e-15,1.5,1.1155381,0.0056407174,-0.026175043,0.0014664926,0.0022914676,0.0019272145
15.748,0,1.5,1.115435,0.0056595476,-0.026246744,0.0014759918,0.0022812046,0.0019351348
15.772,0,1.5,1.1153502,0.0056774858,-0.026318252,0.0014857962,0.0022689839,0.0019687695
15.796,0,1.5,1.1152773,0.0056973946,-0.026396662,0.0014858289,0.0022822737,0.0019866693
15.82,0,1.5,1.1152276,0.0057242436,-0.026498201,0.001479169,0.0022801948,0.0019695538
15.844,0,1.5,1.1151937,0.005759838,-0.026616238,0.0014701314,0.0022719906,0.0019378416
15.868,0,1.5,1.1151702,0.0058051961,-0.026744606,0.0014612801,0.0022628919,0.0019023567
15.892,0,1.5,1.1151531,0.0058607441,-0.026877774,0.0014539434,0.0022553743,0.0018678668
15.916,0,1.5,1.11514,0.0059264678,-0.027010967,0.0014486233,0.0022501638,0.0018357317
15.94,0,1.5,1.1151298,0.006002029,-0.027140242,0.0014453115,0.0022470163,0.0018057755
15.964,0,1.5,1.115122,0.0060868494,-0.027262519,0.0014437238,0.0022452913,0.001777496
15.988,0,1.5,1.1151171,0.0061801699,-0.027375584,0.001443464,0.0022443445,0.0017507256
16.012,0,1.5,1.1151155,0.0062810879,-0.027478048,0.0014441285,0.0022437621,0.0017258568
16.036,0,1.5,1.1151183,0.0063885804,-0.027569284,0.0014453635,0.0022434596,0.0017037457
16.06,0,1.5,1.1151262,0.006501517,-0.027649345,0.0014468863,0.0022436683,0.0016854084
16.084,0,1.5,1.1151398,0.0066186677,-0.027718854,0.0014484812,0.002244832,0.0016716221
16.108,0,1.5,1.1151594,0.0067387118,-0.027778885,0.0014499827,0.0022474387,0.0016625465
16.132,0,1.5,1.1151847,0.0068602531,-0.027830832,0.001451257,0.0022518082,0.0016574774
16.156,0,1.5,1.1152152,0.0069818461,-0.027876275,0.0014521927,0.0022578598,0.0016548476
16.18,0,1.5,1.1152499,0.0071020389,-0.027916838,0.0014527128,0.0022648837,0.0016525876
16.204,0,1.5,1.1152877,0.0072194383,-0.027954059,0.0014528195,0.0022713374,0.0016489607
16.228,0,1.5,1.1153272,0.0073328021,-0.02798926,0.0014526825,0.0022746922,0.0016439853
16.252,0,1.5,1.1153678,0.0074411643,-0.028023435,0.001452783,0.0022713514,0.0016415589
16.276,0,1.5,1.1154093,0.0075439979,-0.028057149,0.0014541246,0.0022566643,0.0016523964
16.3,0,1.5,1.1154527,0.0076416982,-0.028082178,0.0014567695,0.0022690077,0.0016702302
16.324,0,1.5,1.1154903,0.0077331834,-0.028108231,0.0014512908,0.0022683428,0.0016622688
16.348,0,1.5,1.1155236,0.0078195107,-0.028137954,0.0014410851,0.0022539485,0.0016436462
16.372,0,1.5,1.1155552,0.0079021231,-0.028170513,0.0014288955,0.0022351227,0.001623403
16.396,0,1.5,1.1155876,0.0079823346,-0.028205134,0.0014159362,0.0022159311,0.0016054177
16.42,0,1.5,1.1156227,0.0080612283,-0.028241153,0.0014025215,0.0021973934,0.0015905238
16.444,0,1.5,1.1156622,0.0081395959,-0.028278038,0.0013885354,0.0021790787,0.0015780589
16.468,0,1.5,1.1157072,0.0082179106,-0.028315413,0.0013737618,0.0021601881,0.0015669234
16.492,0,1.5,1.1157584,0.0082963314,-0.028353056,0.0013580926,0.0021402036,0.001556223
16.517,0,1.5,1.1158185,0.008377991,-0.028392482,0.0013409365,0.0021182909,0.0015451293
16.541,0,1.5,1.1158822,0.0084559702,-0.028430608,0.0013240305,0.002096883,0.001534704
16.565,0,1.5,1.1159509,0.0085329818,-0.028469193,0.00130726,0.0020761874,0.0015250665
16.589,0,1.5,1.1160231,0.0086083597,-0.028508501,0.0012912987,0.0020573594,0.0015168952
16.613,0,1.5,1.1160972,0.0086813991,-0.028548837,0.0012768314,0.0020412993,0.0015106791
16.637,0,1.5,1.116171,0.0087514246,-0.028590504,0.001264444,0.0020283455,0.0015064533
16.661,0,1.5,1.1162424,0.00881785,-0.028633752,0.0012545282,0.0020180871,0.0015036497
16.685,0,1.5,1.1163092,0.0088802254,-0.028678728,0.0012472224,0.0020093713,0.0015011393
16.709,0,1.5,1.1163697,0.008938265,-0.028725419,0.0012424053,0.0020005864,0.0014975399
16.733,0,1.5,1.1164227,0.0089918502,-0.028773598,0.0012397637,0.0019902967,0.0014918659
16.757,0,1.5,1.116468,0.0090410049,-0.028822764,0.0012389531,0.0019783102,0.0014845958
16.781,0,1.5,1.1165067,0.0090858338,-0.028872087,0.0012398701,0.001967254,0.0014792314
16.805,0,1.5,1.1165459,0.009127055,-0.028915564,0.0012414923,0.0019680385,0.001483042
16.829,0,1.5,1.1165867,0.0091682559,-0.028953247,0.0012396518,0.0019666821,0.0014800673
16.853,0,1.5,1.1166195,0.0092101287,-0.028992994,0.001236713,0.0019583055,0.0014693568
16.877,0,1.5,1.1166424,0.0092530535,-0.029034446,0.001233973,0.0019492822,0.0014559405
16.901,0,1.5,1.1166548,0.0092974853,-0.029076682,0.0012317924,0.0019426304,0.0014425533
16.925,0,1.5,1.1166575,0.009343885,-0.029118415,0.0012299289,0.0019392447,0.0014304418
16.949,0,1.5,1.116652,0.0093926731,-0.02915815,0.0012278038,0.0019388385,0.00141999
16.973,0,1.5,1.1166403,0.0094442042,-0.029194312,0.0012247098,0.001940627,0.0014111809
16.997,0,1.5,1.1166249,0.009498756,-0.029225355,0.001219964,0.0019437873,0.0014039152
17.021,0,1.5,1.1166081,0.0095565292,-0.029249834,0.0012130151,0.0019477265,0.001398206
17.045,0,1.5,1.1165922,0.0096176557,-0.02926647,0.0012035095,0.0019521925,0.0013942695
17.069,0,1.5,1.1165792,0.0096822082,-0.029274194,0.0011913237,0.001957261,0.0013925303
17.093,0,1.5,1.1165704,0.0097502097,-0.029272172,0.0011765691,0.0019632314,0.0013935624
17.117,0,1.5,1.1165665,0.0098216365,-0.029259835,0.0011595761,0.0019704645,0.0013979836
17.141,0,1.5,1.1165677,0.0098964127,-0.029236892,0.0011408631,0.001979197,0.0014063252
17.165,0,1.5,1.1165731,0.0099743897,-0.029203343,0.0011210977,0.0019893648,0.0014188937
17.189,0,1.5,1.1165814,0.010055309,-0.0291595,0.001101057,0.0020004689,0.0014356468
17.213,0,1.5,1.1165903,0.010138743,-0.029106004,0.0010815913,0.0020115172,0.0014561015
17.237,0,1.5,1.1165969,0.010224007,-0.029043857,0.0010636009,0.0020210753,0.0014792945
17.261,0,1.5,1.1165982,0.010310046,-0.028974466,0.0010480295,0.0020274608,0.0015038146
17.285,0,1.5,1.1165903,0.010395279,-0.028899698,0.0010358826,0.0020291125,0.0015279261
17.309,0,1.5,1.1165701,0.010478372,-0.028821555,0.0010283186,0.0020270395,0.0015511183
17.333,0,1.5,1.1165408,0.010571027,-0.028740213,0.0010246987,0.0020423728,0.0015868707
17.357,0,1.5,1.1164966,0.010656603,-0.028668185,0.0010240584,0.0020437074,0.0016104141
17.381,0,1.5,1.1164361,0.010737367,-0.028605898,0.0010279765,0.0020399358,0.0016262888
17.405,0,1.5,1.1163584,0.010815077,-0.028552704,0.0010372279,0.0020351828,0.0016373637
17.429,0,1.5,1.1162637,0.010890963,-0.028507202,0.0010521128,0.0020306727,0.0016453604
17.453,0,1.5,1.1161523,0.010965726,-0.028467511,0.0010726893,0.0020261206,0.0016512742
17.477,0,1.5,1.1160254,0.011039557,-0.02843148,0.001098923,0.0020207075,0.0016557042
17.502,0,1.5,1.1158781,0.011115152,-0.028395414,0.0011322152,0.0020133654,0.0016592223
17.526,0,1.5,1.1157241,0.011185702,-0.028359899,0.0011698651,0.0020043547,0.0016620266
17.55,0,1.5,1.1155597,0.011253141,-0.028321393,0.0012130414,0.001993608,0.0016648567
17.574,0,1.5,1.1153869,0.011316042,-0.028278012,0.0012616367,0.001981716,0.0016684436
17.598,0,1.5,1.1152078,0.011372746,-0.02822814,0.0013154157,0.0019694651,0.0016736507
17.622,0,1.5,1.1150244,0.011421448,-0.028170479,0.0013739467,0.0019575796,0.0016814113
17.646,0,1.5,1.1148386,0.011460281,-0.0281041,0.0014365427,0.0019464707,0.0016926284
17.67,0,1.5,1.1146525,0.011487406,-0.028028504,0.0015022271,0.0019360553,0.0017080465
17.694,0,1.5,1.1144679,0.011501109,-0.027943696,0.0015697366,0.0019257016,0.0017281022
17.718,0,1.5,1.1142867,0.011499887,-0.027850283,0.001637575,0.0019143647,0.0017527612
17.742,0,1.5,1.1141108,0.011482535,-0.0277496,0.0017041304,0.0019009701,0.001781351
17.766,0,1.5,1.1139425,0.011448237,-0.027643879,0.0017678702,0.0018851069,0.0018123965
17.79,0,1.5,1.1137844,0.011396638,-0.027536454,0.0018276267,0.0018680902,0.0018434661
17.814,0,1.5,1.1136396,0.011327916,-0.027432031,0.001882986,0.0018544531,0.0018710369
17.838,0,1.5,1.1135059,0.011243945,-0.027323485,0.0019345572,0.0018396582,0.0019119734
17.862,0,1.5,1.1133867,0.011138727,-0.027227201,0.0019750612,0.0018231973,0.0019442493
17.886,0,1.5,1.1132825,0.011015713,-0.027147909,0.0020054141,0.0018090575,0.0019641132
17.91,0,1.5,1.1131926,0.0108795,-0.027083865,0.0020273708,0.001797752,0.001975585
17.934,0,1.5,1.1131169,0.01073406,-0.027032923,0.0020421992,0.0017893325,0.0019812646
17.958,0,1.5,1.1130559,0.010582793,-0.02699274,0.0020507965,0.0017835849,0.0019827508
17.982,0,1.5,1.1130102,0.010428586,-0.026960938,0.0020537917,0.0017801712,0.0019809847
18.006,0,1.5,1.1129803,0.010273873,-0.026935243,0.0020516354,0.0017787258,0.0019765224
18.03,0,1.5,1.112967,0.010120684,-0.026913574,0.002044677,0.0017789125,0.0019697414
18.054,0,1.5,1.1129705,0.0099706974,-0.026894121,0.0020332309,0.0017804498,0.0019609862
18.078,0,1.5,1.1129908,0.0098252902,-0.026875389,0.0020176312,0.0017831123,0.0019506583
18.102,0,1.5,1.1130275,0.0096855831,-0.02685623,0.0019982766,0.0017867139,0.0019392547
18.126,0,1.5,1.1130799,0.0095524852,-0.026835857,0.0019756657,0.0017910815,0.0019273604
18.15,0,1.5,1.1131469,0.0094267357,-0.026813847,0.0019504226,0.0017960259,0.0019155998
18.174,0,1.5,1.1132267,0.0093089431,-0.026790137,0.0019233153,0.001801316,0.001904552
18.198,0,1.5,1.1133176,0.0091996214,-0.02676502,0.0018952651,0.0018066658,0.0018946345
18.222,0,1.5,1.1134171,0.0090992249,-0.026739141,0.0018673505,0.0018117388,0.0018859605
18.246,0,1.5,1.1135229,0.0090081789,-0.026713501,0.0018408028,0.0018161791,0.0018781757
18.27,0,1.5,1.1136324,0.0089269088,-0.026689466,0.0018169982,0.0018196752,0.0018702773
18.294,0,1.5,1.113743,0.0088558657,-0.026668795,0.0017974423,0.0018220638,0.0018604227
18.318,0,1.5,1.1138527,0.0087955499,-0.026653686,0.0017837527,0.0018234814,0.0018457305
18.342,0,1.5,1.113957,0.0087487277,-0.026643558,0.0017759259,0.0018247121,0.0018273003
18.366,0,1.5,1.1140541,0.0087142953,-0.026631809,0.0017659953,0.0018201564,0.0018105443
18.39,0,1.5,1.1141468,0.0086853764,-0.026621302,0.0017564846,0.0018095324,0.0017914312
18.414,0,1.5,1.1142336,0.0086603739,-0.02661192,0.0017492334,0.0017953812,0.0017724406
18.438,0,1.5,1.1143132,0.0086379836,-0.026603706,0.0017445494,0.0017792127,0.0017546577
18.462,0,1.5,1.1143846,0.0086170999,-0.026596798,0.0017420064,0.001761855,0.0017383096
18.486,0,1.5,1.1144471,0.0085967448,-0.026591379,0.0017409858,0.0017437222,0.0017231715
18.511,0,1.5,1.1145025,0.0085751329,-0.026587533,0.001741019,0.0017242216,0.0017082745
18.535,0,1.5,1.1145467,0.0085531091,-0.026585775,0.0017418902,0.0017050325,0.0016944485
18.559,0,1.5,1.1145829,0.0085290014,-0.026586102,0.001743659,0.001685504,0.0016808799
18.583,0,1.5,1.1146122,0.0085020211,-0.02658869,0.001746578,0.0016657968,0.0016675467
18.607,0,1.5,1.1146363,0.0084714259,-0.026593694,0.0017509112,0.0016461206,0.0016545921
18.631,0,1.5,1.114657,0.0084365456,-0.026601247,0.0017567479,0.0016267172,0.0016422711
18.655,0,1.5,1.1146763,0.0083968147,-0.026611444,0.0017638313,0.0016078318,0.0016308734
18.679,0,1.5,1.1146967,0.0083518133,-0.026624317,0.0017714418,0.0015896787,0.0016206385
18.703,0,1.5,1.1147203,0.0083013114,-0.026639799,0.0017783723,0.0015724147,0.0016116796
18.727,0,1.5,1.1147493,0.0082453164,-0.026657664,0.0017830356,0.0015561272,0.0016039281
18.751,0,1.5,1.1147858,0.0081841207,-0.02667745,0.001783741,0.0015408483,0.0015971175
18.775,0,1.5,1.1148314,0.0081183483,-0.026698352,0.0017791802,0.0015266031,0.0015908195
18.799,0,1.5,1.1148875,0.0080489976,-0.026719091,0.00176916,0.0015135028,0.0015845482
18.823,0,1.5,1.1149548,0.0079774782,-0.026737738,0.0017556206,0.0015018926,0.0015779475
18.847,0,1.5,1.1150333,0.0079050255,-0.026751249,0.0017437172,0.0014924972,0.0015718794
18.871,0,1.5,1.1151189,0.0078154271,-0.026754991,0.0017261755,0.0014803152,0.0015781988
18.895,0,1.5,1.1152124,0.0077244106,-0.026760076,0.0017059961,0.0014652699,0.0015727873
18.919,0,1.5,1.1153141,0.0076324572,-0.026766015,0.0016849139,0.0014492777,0.0015626801
18.943,0,1.5,1.1154236,0.0075401485,-0.026772498,0.0016639829,0.0014333051,0.0015517903
18.967,0,1.5,1.11554,0.0074480712,-0.026779373,0.0016438124,0.0014177388,0.001541886
18.991,0,1.5,1.115662,0.0073567491,-0.026786621,0.00162475,0.0014026559,0.0015333738
19.015,0,1.5,1.1157881,0.0072665993,-0.026794336,0.0016070155,0.00138801,0.0015259062
19.039,0,1.5,1.1159167,0.0071779102,-0.026802714,0.0015907908,0.0013737449,0.0015188327
19.063,0,1.5,1.116046,0.0070908376,-0.026812027,0.0015762734,0.0013598502,0.0015115108
19.087,0,1.5,1.1161743,0.0070054166,-0.026822615,0.0015636958,0.0013463724,0.001503496
19.111,0,1.5,1.1163,0.0069215869,-0.026834862,0.001553319,0.0013333947,0.0014946287
19.135,0,1.5,1.1164217,0.0068392273,-0.026849178,0.0015454044,0.0013209995,0.0014850368
19.159,0,1.5,1.1165383,0.0067581977,-0.026865974,0.0015401694,0.0013092272,0.00147507
19.183,0,1.5,1.1166488,0.0066783859,-0.026885635,0.0015377328,0.0012980439,0.0014651871
19.207,0,1.5,1.1167527,0.0065997546,-0.026908486,0.0015380545,0.0012873329,0.0014558111
19.231,0,1.5,1.11685,0.0065223885,-0.026934752,0.0015408763,0.0012769229,0.001447173
19.255,0,1.5,1.1169406,0.0064465357,-0.02696451,0.0015456684,0.0012666661,0.0014391602
19.279,0,1.5,1.1170254,0.0063726429,-0.026997635,0.0015515863,0.0012565807,0.0014311892
19.303,0,1.5,1.1171051,0.0063013805,-0.027033732,0.0015574461,0.0012470704,0.0014221196
19.327,0,1.5,1.1171811,0.006233654,-0.027072065,0.0015617205,0.001239235,0.0014102288
19.351,0,1.5,1.1172551,0.006170601,-0.027111466,0.0015625632,0.0012352858,0.0013932637
19.375,0,1.5,1.117321,0.0061039859,-0.027154338,0.0015796209,0.0012304235,0.0013819492
19.399,0,1.5,1.1173855,0.0060373547,-0.02720021,0.0015866544,0.0012178645,0.0013665503
19.423,0,1.5,1.1174526,0.0059746825,-0.027247561,0.0015822401,0.0012041196,0.0013466521
19.447,0,1.5,1.1175226,0.0059155491,-0.027295985,0.001573814,0.0011917984,0.0013263772
19.471,0,1.5,1.1175958,0.0058595944,-0.027344814,0.0015642388,0.0011815643,0.0013074554
19.495,0,1.5,1.1176726,0.0058065299,-0.027393285,0.0015537569,0.0011730867,0.0012902188
19.52,0,1.5,1.1177569,0.005754101,-0.027442619,0.0015408439,0.0011654119,0.0012736894
19.544,0,1.5,1.1178424,0.0057063681,-0.027488259,0.0015253199,0.0011585664,0.0012586631
19.568,0,1.5,1.1179327,0.0056611287,-0.027531811,0.0015059187,0.0011519673,0.0012440813
19.592,0,1.5,1.118028,0.0056184021,-0.027573097,0.0014824702,0.001145709,0.0012298401
19.616,0,1.5,1.1181286,0.0055782662,-0.02761216,0.0014554397,0.0011401661,0.0012161114
19.64,0,1.5,1.1182342,0.0055408416,-0.02764924,0.001425763,0.0011358481,0.0012032598
19.664,0,1.5,1.1183448,0.0055062712,-0.027684738,0.0013945758,0.0011332199,0.0011917042
19.688,0,1.5,1.11846,0.0054746956,-0.027719168,0.0013629085,0.0011325333,0.0011817581
19.712,0,1.5,1.1185791,0.0054462236,-0.027753095,0.0013314163,0.0011337096,0.0011734844
19.736,0,1.5,1.1187017,0.0054208983,-0.027787071,0.0013002146,0.0011363177,0.0011666003
19.76,0,1.5,1.1188269,0.0053986595,-0.027821573,0.0012688882,0.0011396885,0.0011604652
19.784,0,1.5,1.1189539,0.0053793005,-0.027856941,0.0012367466,0.001143209,0.0011541885
19.808,0,1.5,1.1190821,0.0053624214,-0.027893322,0.0012033933,0.0011468383,0.0011468913
19.832,0,1.5,1.1192106,0.0053473773,-0.027930634,0.001169679,0.0011518869,0.0011381571
19.856,0,1.5,1.119339,0.0053332221,-0.027968539,0.0011391104,0.0011621038,0.0011287062
19.88,0,1.5,1.1194684,0.0053205026,-0.028010506,0.0011179019,0.001181418,0.0011231302
19.904,0,1.5,1.1195979,0.0053103319,-0.028061223,0.0010946693,0.0011924509,0.0011161895
19.928,0,1.5,1.1197235,0.0052991538,-0.02811378,0.0010700568,0.0011989108,0.0011031683
19.952,0,1.5,1.1198451,0.005286837,-0.028168176,0.0010479098,0.001205626,0.0010874035
19.976,0,1.5,1.1199629,0.005273286,-0.0282241,0.0010298154,0.0012145848,0.0010711456
20,0,1.5,1.1200775,0.0052584451,-0.028281027,0.0010159689,0.001226085,0.0010557564
